# laser_power_pct,3.0
# exposure_time,1.00002
# laser_nm,532.021
# mode,single
pixel_index,raman_shift_cm-1,wavelength_nm,intensity
0,-225.296,525.7196,97.0
1,-222.228,525.8044,97.0
2,-219.160,525.8892,97.0
3,-216.094,525.9741,99.0
4,-213.029,526.0589,97.0
5,-209.965,526.1437,98.0
6,-206.902,526.2285,99.0
7,-203.840,526.3133,97.0
8,-200.780,526.3981,100.0
9,-197.721,526.4828,96.0
10,-194.663,526.5676,98.0
11,-191.606,526.6524,99.0
12,-188.551,526.7371,99.0
13,-185.497,526.8219,99.0
14,-182.444,526.9066,98.0
15,-179.392,526.9914,99.0
16,-176.341,527.0761,99.0
17,-173.292,527.1609,97.0
18,-170.243,527.2456,98.0
19,-167.196,527.3303,100.0
20,-164.150,527.4150,99.0
21,-161.106,527.4997,99.0
22,-158.062,527.5844,97.0
23,-155.020,527.6691,97.0
24,-151.979,527.7538,99.0
25,-148.939,527.8385,98.0
26,-145.900,527.9232,97.0
27,-142.862,528.0078,98.0
28,-139.826,528.0925,98.0
29,-136.791,528.1772,99.0
30,-133.757,528.2618,97.0
31,-130.724,528.3465,100.0
32,-127.693,528.4311,98.0
33,-124.662,528.5157,98.0
34,-121.633,528.6004,96.0
35,-118.605,528.6850,97.0
36,-115.578,528.7696,99.0
37,-112.553,528.8542,97.0
38,-109.528,528.9388,97.0
39,-106.505,529.0234,98.0
40,-103.483,529.1080,98.0
41,-100.462,529.1926,96.0
42,-97.442,529.2772,99.0
43,-94.424,529.3617,97.0
44,-91.406,529.4463,99.0
45,-88.390,529.5309,99.0
46,-85.375,529.6154,100.0
47,-82.361,529.7000,99.0
48,-79.349,529.7845,96.0
49,-76.337,529.8690,97.0
50,-73.327,529.9536,99.0
51,-70.318,530.0381,98.0
52,-67.310,530.1226,97.0
53,-64.304,530.2071,99.0
54,-61.298,530.2916,98.0
55,-58.294,530.3761,98.0
56,-55.290,530.4606,97.0
57,-52.288,530.5451,97.0
58,-49.288,530.6296,97.0
59,-46.288,530.7141,98.0
60,-43.289,530.7985,98.0
61,-40.292,530.8830,98.0
62,-37.296,530.9674,99.0
63,-34.301,531.0519,99.0
64,-31.307,531.1363,103.0
65,-28.315,531.2208,116.0
66,-25.323,531.3052,129.0
67,-22.333,531.3896,101.0
68,-19.344,531.4740,99.0
69,-16.356,531.5585,99.0
70,-13.369,531.6429,98.0
71,-10.384,531.7273,97.0
72,-7.399,531.8117,98.0
73,-4.416,531.8960,98.0
74,-1.434,531.9804,97.0
75,1.547,532.0648,99.0
76,4.527,532.1492,97.0
77,7.506,532.2335,98.0
78,10.483,532.3179,97.0
79,13.459,532.4022,99.0
80,16.434,532.4866,99.0
81,19.408,532.5709,97.0
82,22.381,532.6552,99.0
83,25.353,532.7396,97.0
84,28.323,532.8239,98.0
85,31.293,532.9082,98.0
86,34.261,532.9925,100.0
87,37.228,533.0768,99.0
88,40.193,533.1611,96.0
89,43.158,533.2454,96.0
90,46.122,533.3297,99.0
91,49.084,533.4139,97.0
92,52.045,533.4982,99.0
93,55.005,533.5825,97.0
94,57.964,533.6667,96.0
95,60.922,533.7510,97.0
96,63.878,533.8352,99.0
97,66.834,533.9195,99.0
98,69.788,534.0037,97.0
99,72.741,534.0879,100.0
100,75.693,534.1721,99.0
101,78.644,534.2563,98.0
102,81.594,534.3405,97.0
103,84.542,534.4247,99.0
104,87.490,534.5089,99.0
105,90.436,534.5931,98.0
106,93.381,534.6773,98.0
107,96.325,534.7615,98.0
108,99.268,534.8457,99.0
109,102.209,534.9298,98.0
110,105.150,535.0140,99.0
111,108.089,535.0981,100.0
112,111.027,535.1823,98.0
113,113.964,535.2664,98.0
114,116.900,535.3505,98.0
115,119.835,535.4346,98.0
116,122.769,535.5188,100.0
117,125.701,535.6029,97.0
118,128.632,535.6870,98.0
119,131.562,535.7711,98.0
120,134.492,535.8552,100.0
121,137.419,535.9393,100.0
122,140.346,536.0233,99.0
123,143.272,536.1074,100.0
124,146.196,536.1915,99.0
125,149.120,536.2755,97.0
126,152.042,536.3596,97.0
127,154.963,536.4436,100.0
128,157.883,536.5277,99.0
129,160.802,536.6117,99.0
130,163.719,536.6957,98.0
131,166.636,536.7798,97.0
132,169.551,536.8638,98.0
133,172.466,536.9478,97.0
134,175.379,537.0318,99.0
135,178.291,537.1158,98.0
136,181.202,537.1998,99.0
137,184.111,537.2838,100.0
138,187.020,537.3677,98.0
139,189.927,537.4517,97.0
140,192.834,537.5357,96.0
141,195.739,537.6196,99.0
142,198.643,537.7036,97.0
143,201.546,537.7875,99.0
144,204.448,537.8715,99.0
145,207.348,537.9554,99.0
146,210.248,538.0393,99.0
147,213.146,538.1232,99.0
148,216.044,538.2071,99.0
149,218.940,538.2910,99.0
150,221.835,538.3749,98.0
151,224.729,538.4588,99.0
152,227.622,538.5427,99.0
153,230.513,538.6266,99.0
154,233.404,538.7105,98.0
155,236.293,538.7944,99.0
156,239.182,538.8782,97.0
157,242.069,538.9621,100.0
158,244.955,539.0459,99.0
159,247.840,539.1298,100.0
160,250.724,539.2136,102.0
161,253.607,539.2974,97.0
162,256.488,539.3812,99.0
163,259.369,539.4651,99.0
164,262.248,539.5489,99.0
165,265.126,539.6327,100.0
166,268.004,539.7165,99.0
167,270.880,539.8003,99.0
168,273.754,539.8840,101.0
169,276.628,539.9678,99.0
170,279.501,540.0516,99.0
171,282.373,540.1354,99.0
172,285.243,540.2191,98.0
173,288.112,540.3029,99.0
174,290.981,540.3866,99.0
175,293.848,540.4703,102.0
176,296.714,540.5541,99.0
177,299.579,540.6378,99.0
178,302.442,540.7215,99.0
179,305.305,540.8052,100.0
180,308.167,540.8889,99.0
181,311.027,540.9726,99.0
182,313.886,541.0563,99.0
183,316.745,541.1400,99.0
184,319.602,541.2237,99.0
185,322.458,541.3074,100.0
186,325.313,541.3910,99.0
187,328.167,541.4747,100.0
188,331.019,541.5583,101.0
189,333.871,541.6420,100.0
190,336.722,541.7256,98.0
191,339.571,541.8093,99.0
192,342.419,541.8929,100.0
193,345.266,541.9765,99.0
194,348.113,542.0601,98.0
195,350.958,542.1437,99.0
196,353.801,542.2273,99.0
197,356.644,542.3109,99.0
198,359.486,542.3945,99.0
199,362.327,542.4781,98.0
200,365.166,542.5617,99.0
201,368.004,542.6452,98.0
202,370.842,542.7288,98.0
203,373.678,542.8124,98.0
204,376.513,542.8959,99.0
205,379.347,542.9794,96.0
206,382.180,543.0630,98.0
207,385.012,543.1465,99.0
208,387.843,543.2300,98.0
209,390.672,543.3135,99.0
210,393.501,543.3971,100.0
211,396.328,543.4806,99.0
212,399.155,543.5641,100.0
213,401.980,543.6475,99.0
214,404.804,543.7310,99.0
215,407.627,543.8145,100.0
216,410.449,543.8980,99.0
217,413.270,543.9814,99.0
218,416.090,544.0649,100.0
219,418.909,544.1483,99.0
220,421.726,544.2318,99.0
221,424.543,544.3152,96.0
222,427.358,544.3986,99.0
223,430.173,544.4821,98.0
224,432.986,544.5655,100.0
225,435.798,544.6489,99.0
226,438.609,544.7323,99.0
227,441.419,544.8157,97.0
228,444.228,544.8991,99.0
229,447.036,544.9825,99.0
230,449.843,545.0658,99.0
231,452.649,545.1492,98.0
232,455.453,545.2326,98.0
233,458.257,545.3159,98.0
234,461.059,545.3993,100.0
235,463.861,545.4826,98.0
236,466.661,545.5660,97.0
237,469.460,545.6493,98.0
238,472.259,545.7326,98.0
239,475.056,545.8159,97.0
240,477.852,545.8992,98.0
241,480.647,545.9825,101.0
242,483.440,546.0658,99.0
243,486.233,546.1491,97.0
244,489.025,546.2324,98.0
245,491.815,546.3157,100.0
246,494.605,546.3990,101.0
247,497.393,546.4822,108.0
248,500.181,546.5655,113.0
249,502.967,546.6487,116.0
250,505.752,546.7320,128.0
251,508.537,546.8152,141.0
252,511.320,546.8984,147.0
253,514.102,546.9817,124.0
254,516.883,547.0649,110.0
255,519.663,547.1481,102.0
256,522.441,547.2313,101.0
257,525.219,547.3145,99.0
258,527.996,547.3977,99.0
259,530.771,547.4808,99.0
260,533.546,547.5640,99.0
261,536.319,547.6472,100.0
262,539.092,547.7304,97.0
263,541.863,547.8135,99.0
264,544.633,547.8967,97.0
265,547.403,547.9798,99.0
266,550.171,548.0629,99.0
267,552.938,548.1461,99.0
268,555.704,548.2292,99.0
269,558.469,548.3123,99.0
270,561.233,548.3954,97.0
271,563.996,548.4785,98.0
272,566.757,548.5616,99.0
273,569.518,548.6447,99.0
274,572.278,548.7278,99.0
275,575.036,548.8108,99.0
276,577.794,548.8939,99.0
277,580.550,548.9770,98.0
278,583.306,549.0600,97.0
279,586.060,549.1431,100.0
280,588.813,549.2261,100.0
281,591.566,549.3092,98.0
282,594.317,549.3922,98.0
283,597.067,549.4752,97.0
284,599.816,549.5582,98.0
285,602.564,549.6412,97.0
286,605.311,549.7242,98.0
287,608.057,549.8072,98.0
288,610.802,549.8902,98.0
289,613.546,549.9732,98.0
290,616.288,550.0561,98.0
291,619.030,550.1391,99.0
292,621.771,550.2221,97.0
293,624.510,550.3050,99.0
294,627.249,550.3880,99.0
295,629.986,550.4709,99.0
296,632.723,550.5538,99.0
297,635.458,550.6368,99.0
298,638.192,550.7197,97.0
299,640.926,550.8026,99.0
300,643.658,550.8855,99.0
301,646.389,550.9684,98.0
302,649.119,551.0513,98.0
303,651.848,551.1342,98.0
304,654.576,551.2170,97.0
305,657.304,551.2999,99.0
306,660.029,551.3828,99.0
307,662.754,551.4656,98.0
308,665.478,551.5485,98.0
309,668.201,551.6313,96.0
310,670.923,551.7142,98.0
311,673.644,551.7970,97.0
312,676.363,551.8798,99.0
313,679.082,551.9626,98.0
314,681.800,552.0454,98.0
315,684.516,552.1282,97.0
316,687.232,552.2110,98.0
317,689.946,552.2938,96.0
318,692.660,552.3766,99.0
319,695.372,552.4594,99.0
320,698.084,552.5421,99.0
321,700.794,552.6249,98.0
322,703.503,552.7077,97.0
323,706.212,552.7904,98.0
324,708.919,552.8731,98.0
325,711.625,552.9559,97.0
326,714.330,553.0386,97.0
327,717.034,553.1213,100.0
328,719.737,553.2040,99.0
329,722.439,553.2867,98.0
330,725.141,553.3694,99.0
331,727.841,553.4521,98.0
332,730.539,553.5348,101.0
333,733.237,553.6175,98.0
334,735.934,553.7002,98.0
335,738.630,553.7828,99.0
336,741.325,553.8655,99.0
337,744.019,553.9481,100.0
338,746.712,554.0308,98.0
339,749.403,554.1134,100.0
340,752.094,554.1960,99.0
341,754.784,554.2787,97.0
342,757.473,554.3613,98.0
343,760.160,554.4439,97.0
344,762.847,554.5265,98.0
345,765.532,554.6091,99.0
346,768.217,554.6917,98.0
347,770.900,554.7742,98.0
348,773.583,554.8568,99.0
349,776.264,554.9394,99.0
350,778.945,555.0219,99.0
351,781.624,555.1045,98.0
352,784.303,555.1870,98.0
353,786.980,555.2696,96.0
354,789.657,555.3521,99.0
355,792.332,555.4346,99.0
356,795.006,555.5172,98.0
357,797.680,555.5997,97.0
358,800.352,555.6822,100.0
359,803.023,555.7647,99.0
360,805.693,555.8472,99.0
361,808.363,555.9296,99.0
362,811.031,556.0121,99.0
363,813.698,556.0946,100.0
364,816.364,556.1770,99.0
365,819.029,556.2595,100.0
366,821.694,556.3419,98.0
367,824.357,556.4244,99.0
368,827.019,556.5068,99.0
369,829.680,556.5892,99.0
370,832.340,556.6717,98.0
371,834.999,556.7541,100.0
372,837.657,556.8365,100.0
373,840.314,556.9189,97.0
374,842.970,557.0013,99.0
375,845.625,557.0837,99.0
376,848.279,557.1660,99.0
377,850.932,557.2484,99.0
378,853.584,557.3308,98.0
379,856.235,557.4131,98.0
380,858.885,557.4955,96.0
381,861.534,557.5778,98.0
382,864.182,557.6602,98.0
383,866.829,557.7425,98.0
384,869.475,557.8248,98.0
385,872.120,557.9071,99.0
386,874.764,557.9894,99.0
387,877.407,558.0717,99.0
388,880.049,558.1540,99.0
389,882.690,558.2363,98.0
390,885.330,558.3186,99.0
391,887.969,558.4009,98.0
392,890.607,558.4831,97.0
393,893.243,558.5654,97.0
394,895.879,558.6476,99.0
395,898.514,558.7299,97.0
396,901.148,558.8121,99.0
397,903.781,558.8943,98.0
398,906.413,558.9766,99.0
399,909.044,559.0588,98.0
400,911.674,559.1410,98.0
401,914.303,559.2232,97.0
402,916.930,559.3054,96.0
403,919.557,559.3876,101.0
404,922.183,559.4698,98.0
405,924.808,559.5519,102.0
406,927.432,559.6341,101.0
407,930.055,559.7162,100.0
408,932.677,559.7984,100.0
409,935.298,559.8805,102.0
410,937.918,559.9627,99.0
411,940.536,560.0448,99.0
412,943.154,560.1269,100.0
413,945.771,560.2090,99.0
414,948.387,560.2912,98.0
415,951.002,560.3733,100.0
416,953.616,560.4554,99.0
417,956.229,560.5374,100.0
418,958.841,560.6195,99.0
419,961.452,560.7016,99.0
420,964.062,560.7837,102.0
421,966.671,560.8657,99.0
422,969.279,560.9478,99.0
423,971.886,561.0298,99.0
424,974.492,561.1119,100.0
425,977.097,561.1939,100.0
426,979.701,561.2759,102.0
427,982.304,561.3579,99.0
428,984.906,561.4399,99.0
429,987.507,561.5219,100.0
430,990.107,561.6039,99.0
431,992.706,561.6859,100.0
432,995.305,561.7679,98.0
433,997.902,561.8499,100.0
434,1000.498,561.9318,98.0
435,1003.093,562.0138,99.0
436,1005.687,562.0957,99.0
437,1008.280,562.1777,100.0
438,1010.873,562.2596,98.0
439,1013.464,562.3416,99.0
440,1016.054,562.4235,99.0
441,1018.643,562.5054,99.0
442,1021.232,562.5873,98.0
443,1023.819,562.6692,99.0
444,1026.405,562.7511,99.0
445,1028.991,562.8330,98.0
446,1031.575,562.9149,98.0
447,1034.158,562.9967,97.0
448,1036.741,563.0786,100.0
449,1039.322,563.1605,96.0
450,1041.903,563.2423,99.0
451,1044.482,563.3242,99.0
452,1047.061,563.4060,99.0
453,1049.638,563.4878,98.0
454,1052.215,563.5696,99.0
455,1054.790,563.6515,97.0
456,1057.365,563.7333,99.0
457,1059.938,563.8151,99.0
458,1062.511,563.8969,98.0
459,1065.083,563.9786,99.0
460,1067.653,564.0604,99.0
461,1070.223,564.1422,98.0
462,1072.792,564.2240,97.0
463,1075.360,564.3057,98.0
464,1077.927,564.3875,98.0
465,1080.492,564.4692,97.0
466,1083.057,564.5509,99.0
467,1085.621,564.6327,96.0
468,1088.184,564.7144,98.0
469,1090.746,564.7961,98.0
470,1093.307,564.8778,99.0
471,1095.867,564.9595,97.0
472,1098.426,565.0412,98.0
473,1100.984,565.1229,97.0
474,1103.541,565.2046,99.0
475,1106.097,565.2862,99.0
476,1108.653,565.3679,97.0
477,1111.207,565.4496,98.0
478,1113.760,565.5312,97.0
479,1116.312,565.6128,99.0
480,1118.864,565.6945,98.0
481,1121.414,565.7761,97.0
482,1123.964,565.8577,97.0
483,1126.512,565.9393,98.0
484,1129.059,566.0209,98.0
485,1131.606,566.1025,98.0
486,1134.152,566.1841,97.0
487,1136.696,566.2657,98.0
488,1139.240,566.3473,98.0
489,1141.782,566.4288,97.0
490,1144.324,566.5104,99.0
491,1146.865,566.5920,96.0
492,1149.405,566.6735,99.0
493,1151.944,566.7550,99.0
494,1154.481,566.8366,99.0
495,1157.018,566.9181,99.0
496,1159.554,566.9996,98.0
497,1162.089,567.0811,99.0
498,1164.623,567.1626,99.0
499,1167.157,567.2441,100.0
500,1169.689,567.3256,98.0
501,1172.220,567.4071,99.0
502,1174.750,567.4886,98.0
503,1177.279,567.5700,98.0
504,1179.808,567.6515,100.0
505,1182.335,567.7329,99.0
506,1184.861,567.8144,98.0
507,1187.387,567.8958,100.0
508,1189.911,567.9772,102.0
509,1192.435,568.0587,97.0
510,1194.958,568.1401,98.0
511,1197.479,568.2215,99.0
512,1200.000,568.3029,98.0
513,1202.520,568.3843,101.0
514,1205.039,568.4657,100.0
515,1207.556,568.5470,97.0
516,1210.073,568.6284,98.0
517,1212.589,568.7098,100.0
518,1215.104,568.7911,98.0
519,1217.618,568.8725,99.0
520,1220.132,568.9538,99.0
521,1222.644,569.0352,99.0
522,1225.155,569.1165,98.0
523,1227.665,569.1978,99.0
524,1230.175,569.2791,99.0
525,1232.683,569.3604,97.0
526,1235.190,569.4417,97.0
527,1237.697,569.5230,97.0
528,1240.202,569.6043,100.0
529,1242.707,569.6855,98.0
530,1245.211,569.7668,98.0
531,1247.714,569.8481,98.0
532,1250.215,569.9293,97.0
533,1252.716,570.0106,97.0
534,1255.216,570.0918,100.0
535,1257.715,570.1730,98.0
536,1260.213,570.2543,101.0
537,1262.710,570.3355,98.0
538,1265.206,570.4167,98.0
539,1267.702,570.4979,99.0
540,1270.196,570.5791,99.0
541,1272.689,570.6603,98.0
542,1275.182,570.7414,97.0
543,1277.673,570.8226,97.0
544,1280.164,570.9038,99.0
545,1282.653,570.9849,98.0
546,1285.142,571.0661,97.0
547,1287.630,571.1472,98.0
548,1290.116,571.2283,99.0
549,1292.602,571.3095,98.0
550,1295.087,571.3906,98.0
551,1297.571,571.4717,99.0
552,1300.054,571.5528,99.0
553,1302.536,571.6339,98.0
554,1305.018,571.7150,100.0
555,1307.498,571.7961,98.0
556,1309.977,571.8771,98.0
557,1312.455,571.9582,99.0
558,1314.933,572.0393,98.0
559,1317.409,572.1203,99.0
560,1319.885,572.2014,99.0
561,1322.360,572.2824,98.0
562,1324.834,572.3634,98.0
563,1327.306,572.4444,99.0
564,1329.778,572.5255,97.0
565,1332.249,572.6065,98.0
566,1334.719,572.6875,97.0
567,1337.188,572.7685,97.0
568,1339.657,572.8494,98.0
569,1342.124,572.9304,98.0
570,1344.590,573.0114,98.0
571,1347.056,573.0923,98.0
572,1349.520,573.1733,98.0
573,1351.984,573.2542,98.0
574,1354.446,573.3352,99.0
575,1356.908,573.4161,98.0
576,1359.369,573.4970,98.0
577,1361.829,573.5779,97.0
578,1364.287,573.6589,97.0
579,1366.746,573.7398,96.0
580,1369.203,573.8207,97.0
581,1371.659,573.9015,98.0
582,1374.114,573.9824,98.0
583,1376.568,574.0633,99.0
584,1379.022,574.1442,100.0
585,1381.474,574.2250,98.0
586,1383.926,574.3059,99.0
587,1386.377,574.3867,98.0
588,1388.826,574.4675,99.0
589,1391.275,574.5484,99.0
590,1393.723,574.6292,98.0
591,1396.170,574.7100,98.0
592,1398.616,574.7908,100.0
593,1401.061,574.8716,98.0
594,1403.506,574.9524,99.0
595,1405.949,575.0332,99.0
596,1408.391,575.1139,99.0
597,1410.833,575.1947,98.0
598,1413.273,575.2754,98.0
599,1415.713,575.3562,98.0
600,1418.152,575.4369,98.0
601,1420.590,575.5177,98.0
602,1423.027,575.5984,97.0
603,1425.463,575.6791,97.0
604,1427.898,575.7598,97.0
605,1430.332,575.8405,99.0
606,1432.765,575.9212,96.0
607,1435.198,576.0019,99.0
608,1437.629,576.0826,100.0
609,1440.060,576.1633,98.0
610,1442.489,576.2440,98.0
611,1444.918,576.3246,98.0
612,1447.346,576.4053,98.0
613,1449.773,576.4859,98.0
614,1452.199,576.5665,97.0
615,1454.624,576.6472,99.0
616,1457.048,576.7278,97.0
617,1459.471,576.8084,98.0
618,1461.894,576.8890,99.0
619,1464.315,576.9696,99.0
620,1466.736,577.0502,99.0
621,1469.156,577.1308,97.0
622,1471.574,577.2114,98.0
623,1473.992,577.2919,99.0
624,1476.409,577.3725,98.0
625,1478.825,577.4530,97.0
626,1481.240,577.5336,99.0
627,1483.655,577.6141,99.0
628,1486.068,577.6947,99.0
629,1488.480,577.7752,98.0
630,1490.892,577.8557,98.0
631,1493.303,577.9362,98.0
632,1495.712,578.0167,99.0
633,1498.121,578.0972,98.0
634,1500.529,578.1777,97.0
635,1502.936,578.2582,97.0
636,1505.343,578.3386,98.0
637,1507.748,578.4191,97.0
638,1510.152,578.4995,99.0
639,1512.556,578.5800,98.0
640,1514.958,578.6604,97.0
641,1517.360,578.7409,95.0
642,1519.761,578.8213,96.0
643,1522.161,578.9017,99.0
644,1524.560,578.9821,96.0
645,1526.958,579.0625,98.0
646,1529.355,579.1429,99.0
647,1531.751,579.2233,97.0
648,1534.147,579.3037,100.0
649,1536.541,579.3840,97.0
650,1538.935,579.4644,98.0
651,1541.327,579.5447,99.0
652,1543.719,579.6251,99.0
653,1546.110,579.7054,99.0
654,1548.500,579.7858,98.0
655,1550.889,579.8661,99.0
656,1553.278,579.9464,97.0
657,1555.665,580.0267,99.0
658,1558.052,580.1070,96.0
659,1560.437,580.1873,100.0
660,1562.822,580.2676,99.0
661,1565.206,580.3479,97.0
662,1567.589,580.4281,97.0
663,1569.971,580.5084,99.0
664,1572.352,580.5887,98.0
665,1574.732,580.6689,96.0
666,1577.112,580.7491,97.0
667,1579.490,580.8294,99.0
668,1581.868,580.9096,98.0
669,1584.245,580.9898,98.0
670,1586.620,581.0700,97.0
671,1588.995,581.1502,97.0
672,1591.370,581.2304,98.0
673,1593.743,581.3106,99.0
674,1596.115,581.3908,97.0
675,1598.486,581.4709,98.0
676,1600.857,581.5511,100.0
677,1603.227,581.6313,99.0
678,1605.596,581.7114,98.0
679,1607.963,581.7915,99.0
680,1610.330,581.8717,97.0
681,1612.697,581.9518,97.0
682,1615.062,582.0319,97.0
683,1617.426,582.1120,97.0
684,1619.790,582.1921,96.0
685,1622.152,582.2722,99.0
686,1624.514,582.3523,97.0
687,1626.875,582.4324,99.0
688,1629.235,582.5124,98.0
689,1631.594,582.5925,97.0
690,1633.952,582.6726,95.0
691,1636.310,582.7526,96.0
692,1638.666,582.8326,99.0
693,1641.022,582.9127,97.0
694,1643.377,582.9927,98.0
695,1645.731,583.0727,97.0
696,1648.084,583.1527,97.0
697,1650.436,583.2327,97.0
698,1652.787,583.3127,99.0
699,1655.137,583.3927,98.0
700,1657.487,583.4727,101.0
701,1659.835,583.5526,179.0
702,1662.183,583.6326,120.0
703,1664.530,583.7125,97.0
704,1666.876,583.7925,97.0
705,1669.221,583.8724,97.0
706,1671.565,583.9523,97.0
707,1673.909,584.0323,97.0
708,1676.251,584.1122,99.0
709,1678.593,584.1921,97.0
710,1680.934,584.2720,98.0
711,1683.274,584.3519,99.0
712,1685.613,584.4318,97.0
713,1687.951,584.5116,99.0
714,1690.288,584.5915,97.0
715,1692.625,584.6714,95.0
716,1694.960,584.7512,98.0
717,1697.295,584.8310,98.0
718,1699.629,584.9109,97.0
719,1701.962,584.9907,98.0
720,1704.294,585.0705,99.0
721,1706.625,585.1503,97.0
722,1708.956,585.2301,98.0
723,1711.285,585.3099,97.0
724,1713.614,585.3897,98.0
725,1715.942,585.4695,97.0
726,1718.269,585.5493,98.0
727,1720.595,585.6290,98.0
728,1722.920,585.7088,98.0
729,1725.244,585.7885,98.0
730,1727.568,585.8683,97.0
731,1729.890,585.9480,99.0
732,1732.212,586.0277,98.0
733,1734.533,586.1075,97.0
734,1736.853,586.1872,98.0
735,1739.172,586.2669,99.0
736,1741.491,586.3466,99.0
737,1743.808,586.4263,96.0
738,1746.125,586.5059,97.0
739,1748.440,586.5856,97.0
740,1750.755,586.6653,99.0
741,1753.069,586.7449,98.0
742,1755.383,586.8246,95.0
743,1757.695,586.9042,97.0
744,1760.006,586.9838,97.0
745,1762.317,587.0635,98.0
746,1764.627,587.1431,99.0
747,1766.936,587.2227,97.0
748,1769.244,587.3023,98.0
749,1771.551,587.3819,97.0
750,1773.857,587.4615,97.0
751,1776.163,587.5410,97.0
752,1778.467,587.6206,97.0
753,1780.771,587.7002,99.0
754,1783.074,587.7797,97.0
755,1785.376,587.8593,99.0
756,1787.677,587.9388,98.0
757,1789.978,588.0183,97.0
758,1792.277,588.0978,98.0
759,1794.576,588.1774,97.0
760,1796.874,588.2569,96.0
761,1799.171,588.3364,97.0
762,1801.467,588.4158,98.0
763,1803.762,588.4953,96.0
764,1806.057,588.5748,99.0
765,1808.350,588.6543,99.0
766,1810.643,588.7337,96.0
767,1812.935,588.8132,99.0
768,1815.226,588.8926,98.0
769,1817.516,588.9720,98.0
770,1819.805,589.0515,100.0
771,1822.094,589.1309,98.0
772,1824.381,589.2103,98.0
773,1826.668,589.2897,97.0
774,1828.954,589.3691,98.0
775,1831.239,589.4485,97.0
776,1833.524,589.5279,98.0
777,1835.807,589.6072,98.0
778,1838.090,589.6866,97.0
779,1840.371,589.7659,97.0
780,1842.652,589.8453,98.0
781,1844.932,589.9246,97.0
782,1847.212,590.0040,99.0
783,1849.490,590.0833,96.0
784,1851.768,590.1626,98.0
785,1854.044,590.2419,99.0
786,1856.320,590.3212,99.0
787,1858.595,590.4005,96.0
788,1860.869,590.4798,98.0
789,1863.143,590.5590,98.0
790,1865.415,590.6383,99.0
791,1867.687,590.7176,99.0
792,1869.958,590.7968,99.0
793,1872.228,590.8761,100.0
794,1874.497,590.9553,98.0
795,1876.765,591.0345,99.0
796,1879.033,591.1137,96.0
797,1881.299,591.1929,97.0
798,1883.565,591.2722,98.0
799,1885.830,591.3513,98.0
800,1888.094,591.4305,99.0
801,1890.357,591.5097,99.0
802,1892.620,591.5889,98.0
803,1894.881,591.6680,97.0
804,1897.142,591.7472,96.0
805,1899.402,591.8263,96.0
806,1901.661,591.9055,96.0
807,1903.920,591.9846,98.0
808,1906.177,592.0637,97.0
809,1908.434,592.1429,100.0
810,1910.690,592.2220,97.0
811,1912.944,592.3011,99.0
812,1915.199,592.3801,99.0
813,1917.452,592.4592,99.0
814,1919.704,592.5383,96.0
815,1921.956,592.6174,98.0
816,1924.207,592.6964,98.0
817,1926.457,592.7755,96.0
818,1928.706,592.8545,98.0
819,1930.954,592.9336,97.0
820,1933.202,593.0126,97.0
821,1935.449,593.0916,96.0
822,1937.694,593.1706,97.0
823,1939.939,593.2496,98.0
824,1942.184,593.3286,97.0
825,1944.427,593.4076,98.0
826,1946.670,593.4866,97.0
827,1948.911,593.5655,97.0
828,1951.152,593.6445,96.0
829,1953.392,593.7235,97.0
830,1955.632,593.8024,97.0
831,1957.870,593.8813,97.0
832,1960.108,593.9603,98.0
833,1962.344,594.0392,97.0
834,1964.580,594.1181,99.0
835,1966.815,594.1970,98.0
836,1969.050,594.2759,99.0
837,1971.283,594.3548,99.0
838,1973.516,594.4337,98.0
839,1975.748,594.5126,97.0
840,1977.979,594.5914,98.0
841,1980.209,594.6703,96.0
842,1982.438,594.7491,98.0
843,1984.667,594.8280,100.0
844,1986.895,594.9068,97.0
845,1989.122,594.9856,98.0
846,1991.348,595.0644,98.0
847,1993.573,595.1432,97.0
848,1995.798,595.2220,98.0
849,1998.021,595.3008,98.0
850,2000.244,595.3796,98.0
851,2002.466,595.4584,97.0
852,2004.687,595.5372,99.0
853,2006.908,595.6159,98.0
854,2009.127,595.6947,97.0
855,2011.346,595.7734,98.0
856,2013.564,595.8522,100.0
857,2015.781,595.9309,97.0
858,2017.997,596.0096,97.0
859,2020.213,596.0883,97.0
860,2022.428,596.1670,97.0
861,2024.641,596.2457,97.0
862,2026.855,596.3244,96.0
863,2029.067,596.4031,98.0
864,2031.278,596.4818,98.0
865,2033.489,596.5604,99.0
866,2035.699,596.6391,96.0
867,2037.908,596.7177,99.0
868,2040.116,596.7964,97.0
869,2042.323,596.8750,98.0
870,2044.530,596.9536,97.0
871,2046.736,597.0322,99.0
872,2048.941,597.1108,99.0
873,2051.145,597.1894,96.0
874,2053.348,597.2680,99.0
875,2055.551,597.3466,98.0
876,2057.752,597.4252,98.0
877,2059.953,597.5037,98.0
878,2062.153,597.5823,98.0
879,2064.353,597.6608,98.0
880,2066.551,597.7394,97.0
881,2068.749,597.8179,99.0
882,2070.946,597.8964,97.0
883,2073.142,597.9749,97.0
884,2075.337,598.0535,98.0
885,2077.532,598.1320,97.0
886,2079.725,598.2104,99.0
887,2081.918,598.2889,99.0
888,2084.110,598.3674,97.0
889,2086.302,598.4459,98.0
890,2088.492,598.5243,99.0
891,2090.682,598.6028,96.0
892,2092.871,598.6812,98.0
893,2095.059,598.7597,97.0
894,2097.246,598.8381,98.0
895,2099.432,598.9165,96.0
896,2101.618,598.9949,97.0
897,2103.803,599.0733,99.0
898,2105.987,599.1517,97.0
899,2108.170,599.2301,97.0
900,2110.353,599.3085,98.0
901,2112.534,599.3868,98.0
902,2114.715,599.4652,97.0
903,2116.895,599.5436,99.0
904,2119.074,599.6219,97.0
905,2121.253,599.7002,98.0
906,2123.430,599.7786,96.0
907,2125.607,599.8569,98.0
908,2127.783,599.9352,99.0
909,2129.959,600.0135,97.0
910,2132.133,600.0918,98.0
911,2134.307,600.1701,96.0
912,2136.480,600.2484,98.0
913,2138.652,600.3266,97.0
914,2140.823,600.4049,96.0
915,2142.994,600.4831,97.0
916,2145.163,600.5614,97.0
917,2147.332,600.6396,96.0
918,2149.500,600.7179,96.0
919,2151.668,600.7961,98.0
920,2153.834,600.8743,98.0
921,2156.000,600.9525,97.0
922,2158.165,601.0307,99.0
923,2160.329,601.1089,98.0
924,2162.492,601.1871,97.0
925,2164.655,601.2652,98.0
926,2166.817,601.3434,96.0
927,2168.978,601.4215,97.0
928,2171.138,601.4997,98.0
929,2173.298,601.5778,98.0
930,2175.456,601.6560,95.0
931,2177.614,601.7341,96.0
932,2179.771,601.8122,97.0
933,2181.927,601.8903,97.0
934,2184.083,601.9684,98.0
935,2186.238,602.0465,99.0
936,2188.391,602.1246,98.0
937,2190.545,602.2026,96.0
938,2192.697,602.2807,97.0
939,2194.848,602.3588,98.0
940,2196.999,602.4368,97.0
941,2199.149,602.5148,98.0
942,2201.298,602.5929,97.0
943,2203.447,602.6709,97.0
944,2205.594,602.7489,97.0
945,2207.741,602.8269,99.0
946,2209.887,602.9049,98.0
947,2212.033,602.9829,97.0
948,2214.177,603.0609,97.0
949,2216.321,603.1389,97.0
950,2218.464,603.2168,97.0
951,2220.606,603.2948,99.0
952,2222.747,603.3727,96.0
953,2224.888,603.4507,96.0
954,2227.028,603.5286,97.0
955,2229.167,603.6065,98.0
956,2231.305,603.6844,97.0
957,2233.442,603.7624,98.0
958,2235.579,603.8403,98.0
959,2237.715,603.9181,96.0
960,2239.850,603.9960,99.0
961,2241.984,604.0739,97.0
962,2244.118,604.1518,98.0
963,2246.251,604.2296,99.0
964,2248.383,604.3075,97.0
965,2250.514,604.3853,96.0
966,2252.645,604.4631,96.0
967,2254.774,604.5410,98.0
968,2256.903,604.6188,95.0
969,2259.031,604.6966,97.0
970,2261.159,604.7744,98.0
971,2263.285,604.8522,97.0
972,2265.411,604.9300,96.0
973,2267.536,605.0077,98.0
974,2269.660,605.0855,96.0
975,2271.784,605.1633,97.0
976,2273.907,605.2410,97.0
977,2276.029,605.3187,99.0
978,2278.150,605.3965,98.0
979,2280.270,605.4742,97.0
980,2282.390,605.5519,97.0
981,2284.509,605.6296,96.0
982,2286.627,605.7073,97.0
983,2288.744,605.7850,99.0
984,2290.861,605.8627,98.0
985,2292.976,605.9404,97.0
986,2295.091,606.0180,98.0
987,2297.206,606.0957,99.0
988,2299.319,606.1733,97.0
989,2301.432,606.2510,96.0
990,2303.544,606.3286,98.0
991,2305.655,606.4062,98.0
992,2307.765,606.4838,97.0
993,2309.875,606.5615,98.0
994,2311.984,606.6391,98.0
995,2314.092,606.7166,99.0
996,2316.199,606.7942,97.0
997,2318.306,606.8718,98.0
998,2320.411,606.9494,98.0
999,2322.516,607.0269,97.0
1000,2324.621,607.1045,98.0
1001,2326.724,607.1820,97.0
1002,2328.827,607.2595,95.0
1003,2330.929,607.3371,96.0
1004,2333.030,607.4146,98.0
1005,2335.131,607.4921,97.0
1006,2337.230,607.5696,98.0
1007,2339.329,607.6471,96.0
1008,2341.427,607.7245,98.0
1009,2343.525,607.8020,97.0
1010,2345.621,607.8795,99.0
1011,2347.717,607.9569,97.0
1012,2349.812,608.0344,99.0
1013,2351.907,608.1118,96.0
1014,2354.000,608.1893,97.0
1015,2356.093,608.2667,97.0
1016,2358.185,608.3441,96.0
1017,2360.276,608.4215,96.0
1018,2362.367,608.4989,97.0
1019,2364.457,608.5763,98.0
1020,2366.546,608.6537,97.0
1021,2368.634,608.7310,97.0
1022,2370.722,608.8084,97.0
1023,2372.808,608.8858,97.0
