# laser_power_pct,60
# exposure_time,2.00001
# laser_nm,532.021
# mode,single
pixel_index,raman_shift_cm-1,wavelength_nm,intensity
0,-224.846,525.7320,102.0
1,-221.778,525.8168,103.0
2,-218.712,525.9016,102.0
3,-215.647,525.9864,103.0
4,-212.583,526.0712,101.0
5,-209.521,526.1560,104.0
6,-206.460,526.2407,104.0
7,-203.399,526.3255,103.0
8,-200.340,526.4102,104.0
9,-197.283,526.4950,102.0
10,-194.226,526.5797,104.0
11,-191.171,526.6645,104.0
12,-188.116,526.7492,103.0
13,-185.064,526.8339,103.0
14,-182.012,526.9186,104.0
15,-178.961,527.0033,104.0
16,-175.912,527.0880,102.0
17,-172.864,527.1727,103.0
18,-169.817,527.2574,102.0
19,-166.771,527.3421,102.0
20,-163.726,527.4268,101.0
21,-160.683,527.5115,101.0
22,-157.641,527.5962,103.0
23,-154.600,527.6808,104.0
24,-151.560,527.7655,102.0
25,-148.521,527.8501,102.0
26,-145.484,527.9348,105.0
27,-142.447,528.0194,104.0
28,-139.412,528.1040,102.0
29,-136.379,528.1887,104.0
30,-133.346,528.2733,102.0
31,-130.314,528.3579,104.0
32,-127.284,528.4425,103.0
33,-124.255,528.5271,102.0
34,-121.227,528.6117,101.0
35,-118.200,528.6963,104.0
36,-115.175,528.7809,103.0
37,-112.150,528.8655,101.0
38,-109.127,528.9500,102.0
39,-106.105,529.0346,103.0
40,-103.084,529.1191,103.0
41,-100.065,529.2037,102.0
42,-97.046,529.2882,103.0
43,-94.029,529.3728,102.0
44,-91.013,529.4573,103.0
45,-87.998,529.5419,104.0
46,-84.984,529.6264,104.0
47,-81.972,529.7109,103.0
48,-78.960,529.7954,102.0
49,-75.950,529.8799,102.0
50,-72.941,529.9644,103.0
51,-69.933,530.0489,104.0
52,-66.927,530.1334,102.0
53,-63.921,530.2179,101.0
54,-60.917,530.3023,102.0
55,-57.914,530.3868,103.0
56,-54.912,530.4713,103.0
57,-51.911,530.5557,104.0
58,-48.912,530.6402,104.0
59,-45.913,530.7246,105.0
60,-42.916,530.8090,107.0
61,-39.920,530.8935,149.0
62,-36.925,530.9779,172.0
63,-33.931,531.0623,177.0
64,-30.939,531.1467,276.0
65,-27.947,531.2311,551.0
66,-24.957,531.3155,567.0
67,-21.968,531.3999,234.0
68,-18.980,531.4843,120.0
69,-15.993,531.5687,108.0
70,-13.008,531.6531,105.0
71,-10.023,531.7374,103.0
72,-7.040,531.8218,103.0
73,-4.058,531.9062,104.0
74,-1.077,531.9905,101.0
75,1.903,532.0749,104.0
76,4.881,532.1592,102.0
77,7.859,532.2435,103.0
78,10.835,532.3279,105.0
79,13.810,532.4122,103.0
80,16.784,532.4965,105.0
81,19.757,532.5808,102.0
82,22.728,532.6651,103.0
83,25.699,532.7494,102.0
84,28.668,532.8337,103.0
85,31.636,532.9180,103.0
86,34.603,533.0022,103.0
87,37.569,533.0865,103.0
88,40.534,533.1708,105.0
89,43.497,533.2550,104.0
90,46.460,533.3393,103.0
91,49.421,533.4235,106.0
92,52.381,533.5078,109.0
93,55.340,533.5920,113.0
94,58.297,533.6762,125.0
95,61.254,533.7604,131.0
96,64.209,533.8447,152.0
97,67.164,533.9289,167.0
98,70.117,534.0131,195.0
99,73.069,534.0973,220.0
100,76.020,534.1814,236.0
101,78.969,534.2656,256.0
102,81.918,534.3498,274.0
103,84.865,534.4340,281.0
104,87.811,534.5181,273.0
105,90.757,534.6023,281.0
106,93.700,534.6864,289.0
107,96.643,534.7706,283.0
108,99.585,534.8547,282.0
109,102.525,534.9389,290.0
110,105.465,535.0230,283.0
111,108.403,535.1071,290.0
112,111.340,535.1912,288.0
113,114.276,535.2753,285.0
114,117.211,535.3594,290.0
115,120.144,535.4435,293.0
116,123.077,535.5276,288.0
117,126.008,535.6117,284.0
118,128.938,535.6958,284.0
119,131.868,535.7798,284.0
120,134.795,535.8639,285.0
121,137.722,535.9480,289.0
122,140.648,536.0320,293.0
123,143.572,536.1160,286.0
124,146.496,536.2001,289.0
125,149.418,536.2841,294.0
126,152.339,536.3681,289.0
127,155.259,536.4522,292.0
128,158.178,536.5362,296.0
129,161.096,536.6202,292.0
130,164.012,536.7042,295.0
131,166.928,536.7882,291.0
132,169.842,536.8722,294.0
133,172.755,536.9561,296.0
134,175.667,537.0401,302.0
135,178.578,537.1241,296.0
136,181.488,537.2080,304.0
137,184.397,537.2920,299.0
138,187.304,537.3759,312.0
139,190.211,537.4599,301.0
140,193.116,537.5438,306.0
141,196.020,537.6277,307.0
142,198.923,537.7117,315.0
143,201.825,537.7956,317.0
144,204.726,537.8795,320.0
145,207.625,537.9634,325.0
146,210.524,538.0473,329.0
147,213.421,538.1312,329.0
148,216.318,538.2151,334.0
149,219.213,538.2990,328.0
150,222.107,538.3828,339.0
151,225.000,538.4667,339.0
152,227.891,538.5505,340.0
153,230.782,538.6344,335.0
154,233.672,538.7182,346.0
155,236.560,538.8021,333.0
156,239.447,538.8859,352.0
157,242.333,538.9697,348.0
158,245.218,539.0536,353.0
159,248.102,539.1374,346.0
160,250.985,539.2212,353.0
161,253.867,539.3050,353.0
162,256.748,539.3888,355.0
163,259.627,539.4726,356.0
164,262.505,539.5564,368.0
165,265.383,539.6401,365.0
166,268.259,539.7239,363.0
167,271.134,539.8077,379.0
168,274.008,539.8914,380.0
169,276.880,539.9752,390.0
170,279.752,540.0589,388.0
171,282.623,540.1426,389.0
172,285.492,540.2264,388.0
173,288.360,540.3101,392.0
174,291.228,540.3938,388.0
175,294.094,540.4775,379.0
176,296.959,540.5612,377.0
177,299.823,540.6449,370.0
178,302.685,540.7286,366.0
179,305.547,540.8123,372.0
180,308.408,540.8960,366.0
181,311.267,540.9797,364.0
182,314.126,541.0633,365.0
183,316.983,541.1470,368.0
184,319.839,541.2306,367.0
185,322.694,541.3143,368.0
186,325.548,541.3979,367.0
187,328.401,541.4816,371.0
188,331.253,541.5652,374.0
189,334.103,541.6488,370.0
190,336.953,541.7324,370.0
191,339.801,541.8160,372.0
192,342.649,541.8996,370.0
193,345.495,541.9832,367.0
194,348.340,542.0668,368.0
195,351.184,542.1504,377.0
196,354.027,542.2340,375.0
197,356.869,542.3175,382.0
198,359.709,542.4011,373.0
199,362.549,542.4846,364.0
200,365.388,542.5682,373.0
201,368.225,542.6517,384.0
202,371.061,542.7353,379.0
203,373.897,542.8188,383.0
204,376.731,542.9023,381.0
205,379.564,542.9858,377.0
206,382.396,543.0693,377.0
207,385.227,543.1529,383.0
208,388.057,543.2363,380.0
209,390.885,543.3198,384.0
210,393.713,543.4033,375.0
211,396.539,543.4868,382.0
212,399.365,543.5703,386.0
213,402.189,543.6537,389.0
214,405.012,543.7372,380.0
215,407.835,543.8206,390.0
216,410.656,543.9041,389.0
217,413.476,543.9875,390.0
218,416.295,544.0709,398.0
219,419.112,544.1544,404.0
220,421.929,544.2378,386.0
221,424.745,544.3212,388.0
222,427.559,544.4046,389.0
223,430.373,544.4880,400.0
224,433.185,544.5714,398.0
225,435.996,544.6548,394.0
226,438.807,544.7382,393.0
227,441.616,544.8215,388.0
228,444.424,544.9049,392.0
229,447.231,544.9882,396.0
230,450.037,545.0716,392.0
231,452.842,545.1549,397.0
232,455.645,545.2383,402.0
233,458.448,545.3216,405.0
234,461.250,545.4049,403.0
235,464.050,545.4883,404.0
236,466.849,545.5716,409.0
237,469.648,545.6549,417.0
238,472.445,545.7382,424.0
239,475.241,545.8215,431.0
240,478.036,545.9047,448.0
241,480.830,545.9880,455.0
242,483.623,546.0713,484.0
243,486.415,546.1546,536.0
244,489.206,546.2378,643.0
245,491.996,546.3211,908.0
246,494.784,546.4043,1117.0
247,497.572,546.4875,1266.0
248,500.358,546.5708,1639.0
249,503.144,546.6540,2178.0
250,505.928,546.7372,2808.0
251,508.712,546.8204,3068.0
252,511.494,546.9036,2343.0
253,514.275,546.9868,1425.0
254,517.055,547.0700,867.0
255,519.834,547.1532,644.0
256,522.612,547.2364,555.0
257,525.389,547.3196,508.0
258,528.165,547.4027,499.0
259,530.940,547.4859,478.0
260,533.713,547.5690,474.0
261,536.486,547.6522,466.0
262,539.257,547.7353,458.0
263,542.028,547.8185,463.0
264,544.797,547.9016,457.0
265,547.566,547.9847,452.0
266,550.333,548.0678,455.0
267,553.099,548.1509,455.0
268,555.864,548.2340,457.0
269,558.629,548.3171,451.0
270,561.392,548.4002,452.0
271,564.154,548.4833,454.0
272,566.915,548.5663,457.0
273,569.674,548.6494,469.0
274,572.433,548.7325,454.0
275,575.191,548.8155,458.0
276,577.948,548.8985,447.0
277,580.703,548.9816,463.0
278,583.458,549.0646,459.0
279,586.211,549.1476,463.0
280,588.964,549.2307,462.0
281,591.715,549.3137,466.0
282,594.466,549.3967,469.0
283,597.215,549.4797,464.0
284,599.963,549.5627,481.0
285,602.710,549.6456,482.0
286,605.457,549.7286,475.0
287,608.202,549.8116,471.0
288,610.946,549.8945,481.0
289,613.689,549.9775,478.0
290,616.431,550.0605,478.0
291,619.172,550.1434,481.0
292,621.911,550.2263,484.0
293,624.650,550.3093,466.0
294,627.388,550.3922,484.0
295,630.125,550.4751,470.0
296,632.860,550.5580,487.0
297,635.595,550.6409,481.0
298,638.328,550.7238,491.0
299,641.061,550.8067,489.0
300,643.792,550.8896,492.0
301,646.523,550.9725,498.0
302,649.252,551.0553,495.0
303,651.980,551.1382,487.0
304,654.708,551.2210,492.0
305,657.434,551.3039,489.0
306,660.159,551.3867,500.0
307,662.883,551.4696,498.0
308,665.606,551.5524,498.0
309,668.328,551.6352,500.0
310,671.049,551.7180,493.0
311,673.769,551.8008,505.0
312,676.488,551.8836,497.0
313,679.206,551.9664,501.0
314,681.923,552.0492,505.0
315,684.639,552.1320,505.0
316,687.354,552.2148,498.0
317,690.067,552.2975,506.0
318,692.780,552.3803,500.0
319,695.492,552.4630,502.0
320,698.202,552.5458,501.0
321,700.912,552.6285,517.0
322,703.621,552.7112,508.0
323,706.328,552.7940,516.0
324,709.035,552.8767,507.0
325,711.740,552.9594,512.0
326,714.444,553.0421,504.0
327,717.148,553.1248,526.0
328,719.850,553.2075,509.0
329,722.552,553.2902,522.0
330,725.252,553.3728,510.0
331,727.951,553.4555,520.0
332,730.649,553.5382,527.0
333,733.347,553.6208,531.0
334,736.043,553.7035,530.0
335,738.738,553.7861,545.0
336,741.432,553.8688,534.0
337,744.125,553.9514,544.0
338,746.817,554.0340,535.0
339,749.508,554.1166,543.0
340,752.198,554.1992,538.0
341,754.887,554.2818,535.0
342,757.575,554.3644,545.0
343,760.262,554.4470,545.0
344,762.948,554.5296,536.0
345,765.633,554.6122,534.0
346,768.317,554.6947,552.0
347,770.999,554.7773,544.0
348,773.681,554.8598,547.0
349,776.362,554.9424,555.0
350,779.042,555.0249,558.0
351,781.720,555.1075,554.0
352,784.398,555.1900,549.0
353,787.075,555.2725,557.0
354,789.751,555.3550,564.0
355,792.425,555.4375,548.0
356,795.099,555.5200,578.0
357,797.771,555.6025,564.0
358,800.443,555.6850,561.0
359,803.114,555.7675,568.0
360,805.783,555.8499,577.0
361,808.452,555.9324,576.0
362,811.119,556.0148,570.0
363,813.786,556.0973,573.0
364,816.451,556.1797,581.0
365,819.116,556.2622,570.0
366,821.779,556.3446,578.0
367,824.442,556.4270,573.0
368,827.103,556.5094,578.0
369,829.763,556.5918,585.0
370,832.423,556.6742,580.0
371,835.081,556.7566,583.0
372,837.739,556.8390,584.0
373,840.395,556.9214,589.0
374,843.050,557.0038,580.0
375,845.705,557.0861,578.0
376,848.358,557.1685,596.0
377,851.010,557.2508,586.0
378,853.662,557.3332,585.0
379,856.312,557.4155,590.0
380,858.961,557.4978,596.0
381,861.610,557.5802,609.0
382,864.257,557.6625,594.0
383,866.903,557.7448,593.0
384,869.549,557.8271,599.0
385,872.193,557.9094,610.0
386,874.836,557.9917,597.0
387,877.478,558.0740,621.0
388,880.120,558.1562,607.0
389,882.760,558.2385,615.0
390,885.399,558.3208,621.0
391,888.037,558.4030,614.0
392,890.675,558.4852,616.0
393,893.311,558.5675,629.0
394,895.946,558.6497,611.0
395,898.580,558.7319,626.0
396,901.214,558.8142,628.0
397,903.846,558.8964,617.0
398,906.477,558.9786,629.0
399,909.107,559.0608,643.0
400,911.737,559.1430,641.0
401,914.365,559.2251,652.0
402,916.992,559.3073,662.0
403,919.618,559.3895,676.0
404,922.244,559.4716,676.0
405,924.868,559.5538,704.0
406,927.491,559.6359,719.0
407,930.113,559.7181,727.0
408,932.735,559.8002,733.0
409,935.355,559.8823,740.0
410,937.974,559.9645,743.0
411,940.592,560.0466,742.0
412,943.210,560.1287,745.0
413,945.826,560.2108,755.0
414,948.441,560.2929,755.0
415,951.056,560.3749,748.0
416,953.669,560.4570,747.0
417,956.281,560.5391,759.0
418,958.893,560.6211,760.0
419,961.503,560.7032,764.0
420,964.112,560.7852,772.0
421,966.721,560.8673,760.0
422,969.328,560.9493,762.0
423,971.935,561.0313,768.0
424,974.540,561.1134,760.0
425,977.144,561.1954,744.0
426,979.748,561.2774,753.0
427,982.350,561.3594,728.0
428,984.952,561.4414,714.0
429,987.552,561.5234,703.0
430,990.152,561.6053,707.0
431,992.750,561.6873,687.0
432,995.348,561.7693,684.0
433,997.944,561.8512,684.0
434,1000.540,561.9332,683.0
435,1003.134,562.0151,692.0
436,1005.728,562.0970,668.0
437,1008.321,562.1790,669.0
438,1010.912,562.2609,681.0
439,1013.503,562.3428,683.0
440,1016.092,562.4247,675.0
441,1018.681,562.5066,678.0
442,1021.269,562.5885,679.0
443,1023.856,562.6704,676.0
444,1026.441,562.7522,672.0
445,1029.026,562.8341,667.0
446,1031.610,562.9160,677.0
447,1034.193,562.9978,675.0
448,1036.775,563.0797,693.0
449,1039.355,563.1615,680.0
450,1041.935,563.2434,673.0
451,1044.514,563.3252,671.0
452,1047.092,563.4070,685.0
453,1049.669,563.4888,676.0
454,1052.245,563.5706,686.0
455,1054.820,563.6524,681.0
456,1057.394,563.7342,685.0
457,1059.967,563.8160,677.0
458,1062.539,563.8978,681.0
459,1065.110,563.9795,695.0
460,1067.681,564.0613,694.0
461,1070.250,564.1430,704.0
462,1072.818,564.2248,682.0
463,1075.385,564.3065,691.0
464,1077.951,564.3883,701.0
465,1080.517,564.4700,697.0
466,1083.081,564.5517,688.0
467,1085.644,564.6334,685.0
468,1088.207,564.7151,688.0
469,1090.768,564.7968,705.0
470,1093.329,564.8785,695.0
471,1095.888,564.9602,702.0
472,1098.447,565.0419,699.0
473,1101.004,565.1235,697.0
474,1103.561,565.2052,701.0
475,1106.116,565.2868,695.0
476,1108.671,565.3685,702.0
477,1111.225,565.4501,712.0
478,1113.777,565.5318,712.0
479,1116.329,565.6134,699.0
480,1118.880,565.6950,702.0
481,1121.430,565.7766,706.0
482,1123.979,565.8582,707.0
483,1126.527,565.9398,697.0
484,1129.074,566.0214,700.0
485,1131.620,566.1030,698.0
486,1134.165,566.1845,727.0
487,1136.709,566.2661,707.0
488,1139.252,566.3477,719.0
489,1141.794,566.4292,724.0
490,1144.335,566.5108,724.0
491,1146.875,566.5923,715.0
492,1149.415,566.6738,717.0
493,1151.953,566.7554,721.0
494,1154.490,566.8369,718.0
495,1157.027,566.9184,718.0
496,1159.562,566.9999,718.0
497,1162.097,567.0814,720.0
498,1164.630,567.1629,735.0
499,1167.163,567.2443,720.0
500,1169.695,567.3258,721.0
501,1172.225,567.4073,724.0
502,1174.755,567.4887,728.0
503,1177.284,567.5702,721.0
504,1179.812,567.6516,737.0
505,1182.338,567.7330,735.0
506,1184.864,567.8145,736.0
507,1187.389,567.8959,738.0
508,1189.913,567.9773,736.0
509,1192.436,568.0587,739.0
510,1194.959,568.1401,743.0
511,1197.480,568.2215,733.0
512,1200.000,568.3029,748.0
513,1202.519,568.3843,743.0
514,1205.038,568.4656,736.0
515,1207.555,568.5470,746.0
516,1210.071,568.6283,746.0
517,1212.587,568.7097,744.0
518,1215.101,568.7910,751.0
519,1217.615,568.8724,761.0
520,1220.128,568.9537,737.0
521,1222.639,569.0350,760.0
522,1225.150,569.1163,770.0
523,1227.660,569.1976,766.0
524,1230.169,569.2789,773.0
525,1232.677,569.3602,762.0
526,1235.184,569.4415,771.0
527,1237.690,569.5228,768.0
528,1240.195,569.6040,761.0
529,1242.699,569.6853,760.0
530,1245.202,569.7665,756.0
531,1247.704,569.8478,760.0
532,1250.206,569.9290,769.0
533,1252.706,570.0102,754.0
534,1255.206,570.0915,761.0
535,1257.704,570.1727,766.0
536,1260.202,570.2539,779.0
537,1262.698,570.3351,770.0
538,1265.194,570.4163,765.0
539,1267.689,570.4975,772.0
540,1270.183,570.5786,777.0
541,1272.676,570.6598,774.0
542,1275.168,570.7410,781.0
543,1277.659,570.8221,784.0
544,1280.149,570.9033,778.0
545,1282.638,570.9844,783.0
546,1285.126,571.0656,788.0
547,1287.613,571.1467,779.0
548,1290.100,571.2278,779.0
549,1292.585,571.3089,776.0
550,1295.070,571.3900,790.0
551,1297.553,571.4711,775.0
552,1300.036,571.5522,789.0
553,1302.517,571.6333,782.0
554,1304.998,571.7144,776.0
555,1307.478,571.7954,783.0
556,1309.957,571.8765,774.0
557,1312.435,571.9575,787.0
558,1314.912,572.0386,791.0
559,1317.388,572.1196,793.0
560,1319.863,572.2006,794.0
561,1322.337,572.2817,811.0
562,1324.811,572.3627,807.0
563,1327.283,572.4437,788.0
564,1329.755,572.5247,811.0
565,1332.225,572.6057,808.0
566,1334.695,572.6867,806.0
567,1337.163,572.7676,813.0
568,1339.631,572.8486,805.0
569,1342.098,572.9296,812.0
570,1344.564,573.0105,811.0
571,1347.029,573.0915,827.0
572,1349.493,573.1724,821.0
573,1351.956,573.2533,822.0
574,1354.418,573.3343,839.0
575,1356.880,573.4152,827.0
576,1359.340,573.4961,833.0
577,1361.800,573.5770,828.0
578,1364.258,573.6579,821.0
579,1366.716,573.7388,834.0
580,1369.172,573.8197,824.0
581,1371.628,573.9005,822.0
582,1374.083,573.9814,818.0
583,1376.537,574.0623,806.0
584,1378.990,574.1431,808.0
585,1381.442,574.2239,802.0
586,1383.893,574.3048,811.0
587,1386.344,574.3856,815.0
588,1388.793,574.4664,811.0
589,1391.241,574.5472,821.0
590,1393.689,574.6280,814.0
591,1396.135,574.7088,831.0
592,1398.581,574.7896,811.0
593,1401.026,574.8704,804.0
594,1403.470,574.9512,801.0
595,1405.913,575.0320,803.0
596,1408.355,575.1127,821.0
597,1410.796,575.1935,798.0
598,1413.236,575.2742,818.0
599,1415.675,575.3550,804.0
600,1418.114,575.4357,813.0
601,1420.551,575.5164,807.0
602,1422.988,575.5971,807.0
603,1425.423,575.6778,813.0
604,1427.858,575.7585,808.0
605,1430.292,575.8392,815.0
606,1432.725,575.9199,802.0
607,1435.157,576.0006,809.0
608,1437.588,576.0812,808.0
609,1440.018,576.1619,815.0
610,1442.447,576.2426,817.0
611,1444.876,576.3232,815.0
612,1447.303,576.4039,821.0
613,1449.730,576.4845,823.0
614,1452.156,576.5651,826.0
615,1454.580,576.6457,824.0
616,1457.004,576.7263,820.0
617,1459.427,576.8069,823.0
618,1461.849,576.8875,822.0
619,1464.270,576.9681,832.0
620,1466.690,577.0487,817.0
621,1469.110,577.1293,810.0
622,1471.528,577.2098,810.0
623,1473.946,577.2904,811.0
624,1476.362,577.3709,823.0
625,1478.778,577.4515,790.0
626,1481.193,577.5320,813.0
627,1483.607,577.6125,807.0
628,1486.020,577.6931,806.0
629,1488.432,577.7736,803.0
630,1490.843,577.8541,804.0
631,1493.253,577.9346,815.0
632,1495.663,578.0150,812.0
633,1498.071,578.0955,819.0
634,1500.479,578.1760,823.0
635,1502.886,578.2565,813.0
636,1505.292,578.3369,810.0
637,1507.697,578.4174,807.0
638,1510.101,578.4978,822.0
639,1512.504,578.5783,806.0
640,1514.906,578.6587,819.0
641,1517.307,578.7391,807.0
642,1519.708,578.8195,820.0
643,1522.107,578.8999,823.0
644,1524.506,578.9803,817.0
645,1526.904,579.0607,815.0
646,1529.301,579.1411,816.0
647,1531.697,579.2215,827.0
648,1534.092,579.3018,804.0
649,1536.486,579.3822,813.0
650,1538.879,579.4625,812.0
651,1541.272,579.5429,825.0
652,1543.663,579.6232,828.0
653,1546.054,579.7035,823.0
654,1548.444,579.7839,819.0
655,1550.832,579.8642,819.0
656,1553.220,579.9445,818.0
657,1555.607,580.0248,818.0
658,1557.994,580.1051,825.0
659,1560.379,580.1853,831.0
660,1562.763,580.2656,821.0
661,1565.147,580.3459,827.0
662,1567.529,580.4261,811.0
663,1569.911,580.5064,840.0
664,1572.292,580.5866,830.0
665,1574.672,580.6669,817.0
666,1577.051,580.7471,833.0
667,1579.429,580.8273,814.0
668,1581.807,580.9075,836.0
669,1584.183,580.9877,822.0
670,1586.559,581.0679,819.0
671,1588.933,581.1481,813.0
672,1591.307,581.2283,827.0
673,1593.680,581.3085,831.0
674,1596.052,581.3886,838.0
675,1598.423,581.4688,827.0
676,1600.794,581.5490,822.0
677,1603.163,581.6291,836.0
678,1605.531,581.7092,829.0
679,1607.899,581.7894,839.0
680,1610.266,581.8695,819.0
681,1612.632,581.9496,821.0
682,1614.997,582.0297,831.0
683,1617.361,582.1098,820.0
684,1619.724,582.1899,830.0
685,1622.086,582.2700,832.0
686,1624.448,582.3500,818.0
687,1626.808,582.4301,822.0
688,1629.168,582.5102,820.0
689,1631.527,582.5902,825.0
690,1633.885,582.6703,824.0
691,1636.242,582.7503,833.0
692,1638.598,582.8303,832.0
693,1640.954,582.9103,825.0
694,1643.308,582.9904,822.0
695,1645.662,583.0704,830.0
696,1648.014,583.1504,829.0
697,1650.366,583.2303,825.0
698,1652.717,583.3103,823.0
699,1655.067,583.3903,830.0
700,1657.417,583.4703,822.0
701,1659.765,583.5502,838.0
702,1662.112,583.6302,835.0
703,1664.459,583.7101,807.0
704,1666.805,583.7900,839.0
705,1669.150,583.8700,831.0
706,1671.494,583.9499,821.0
707,1673.837,584.0298,832.0
708,1676.179,584.1097,831.0
709,1678.520,584.1896,834.0
710,1680.861,584.2695,821.0
711,1683.201,584.3494,846.0
712,1685.539,584.4292,825.0
713,1687.877,584.5091,823.0
714,1690.214,584.5890,837.0
715,1692.551,584.6688,839.0
716,1694.886,584.7487,841.0
717,1697.220,584.8285,831.0
718,1699.554,584.9083,827.0
719,1701.887,584.9881,845.0
720,1704.219,585.0679,830.0
721,1706.550,585.1477,839.0
722,1708.880,585.2275,828.0
723,1711.209,585.3073,829.0
724,1713.537,585.3871,840.0
725,1715.865,585.4669,839.0
726,1718.192,585.5466,839.0
727,1720.518,585.6264,839.0
728,1722.843,585.7061,844.0
729,1725.167,585.7859,848.0
730,1727.490,585.8656,851.0
731,1729.812,585.9453,835.0
732,1732.134,586.0251,840.0
733,1734.455,586.1048,839.0
734,1736.774,586.1845,848.0
735,1739.093,586.2642,841.0
736,1741.411,586.3438,841.0
737,1743.729,586.4235,836.0
738,1746.045,586.5032,848.0
739,1748.361,586.5829,838.0
740,1750.675,586.6625,846.0
741,1752.989,586.7422,841.0
742,1755.302,586.8218,847.0
743,1757.614,586.9014,840.0
744,1759.925,586.9810,832.0
745,1762.236,587.0607,834.0
746,1764.545,587.1403,849.0
747,1766.854,587.2199,835.0
748,1769.162,587.2995,843.0
749,1771.469,587.3790,839.0
750,1773.775,587.4586,835.0
751,1776.080,587.5382,838.0
752,1778.385,587.6177,845.0
753,1780.688,587.6973,842.0
754,1782.991,587.7768,839.0
755,1785.293,587.8564,838.0
756,1787.594,587.9359,843.0
757,1789.894,588.0154,834.0
758,1792.193,588.0949,862.0
759,1794.492,588.1744,833.0
760,1796.789,588.2539,848.0
761,1799.086,588.3334,844.0
762,1801.382,588.4129,844.0
763,1803.677,588.4924,837.0
764,1805.971,588.5718,830.0
765,1808.265,588.6513,830.0
766,1810.557,588.7308,834.0
767,1812.849,588.8102,832.0
768,1815.140,588.8896,823.0
769,1817.430,588.9691,830.0
770,1819.719,589.0485,832.0
771,1822.007,589.1279,831.0
772,1824.295,589.2073,834.0
773,1826.581,589.2867,829.0
774,1828.867,589.3661,823.0
775,1831.152,589.4454,830.0
776,1833.436,589.5248,824.0
777,1835.719,589.6042,818.0
778,1838.002,589.6835,826.0
779,1840.283,589.7629,811.0
780,1842.564,589.8422,827.0
781,1844.844,589.9215,819.0
782,1847.123,590.0009,828.0
783,1849.401,590.0802,813.0
784,1851.678,590.1595,822.0
785,1853.955,590.2388,819.0
786,1856.231,590.3181,819.0
787,1858.506,590.3974,814.0
788,1860.780,590.4766,830.0
789,1863.053,590.5559,830.0
790,1865.325,590.6352,827.0
791,1867.597,590.7144,839.0
792,1869.867,590.7937,836.0
793,1872.137,590.8729,824.0
794,1874.406,590.9521,827.0
795,1876.674,591.0313,839.0
796,1878.941,591.1106,844.0
797,1881.208,591.1898,834.0
798,1883.473,591.2690,851.0
799,1885.738,591.3481,854.0
800,1888.002,591.4273,856.0
801,1890.265,591.5065,846.0
802,1892.528,591.5857,845.0
803,1894.789,591.6648,857.0
804,1897.050,591.7440,849.0
805,1899.310,591.8231,846.0
806,1901.569,591.9022,856.0
807,1903.827,591.9814,845.0
808,1906.084,592.0605,848.0
809,1908.340,592.1396,851.0
810,1910.596,592.2187,848.0
811,1912.851,592.2978,832.0
812,1915.105,592.3769,855.0
813,1917.358,592.4559,854.0
814,1919.610,592.5350,855.0
815,1921.862,592.6141,855.0
816,1924.113,592.6931,849.0
817,1926.362,592.7722,858.0
818,1928.611,592.8512,866.0
819,1930.860,592.9302,857.0
820,1933.107,593.0092,847.0
821,1935.353,593.0883,873.0
822,1937.599,593.1673,851.0
823,1939.844,593.2463,860.0
824,1942.088,593.3252,843.0
825,1944.331,593.4042,851.0
826,1946.574,593.4832,845.0
827,1948.815,593.5622,854.0
828,1951.056,593.6411,841.0
829,1953.296,593.7201,841.0
830,1955.535,593.7990,855.0
831,1957.773,593.8779,859.0
832,1960.011,593.9569,838.0
833,1962.248,594.0358,856.0
834,1964.483,594.1147,864.0
835,1966.718,594.1936,854.0
836,1968.953,594.2725,849.0
837,1971.186,594.3514,853.0
838,1973.418,594.4302,845.0
839,1975.650,594.5091,860.0
840,1977.881,594.5880,846.0
841,1980.111,594.6668,851.0
842,1982.340,594.7457,847.0
843,1984.569,594.8245,843.0
844,1986.797,594.9033,858.0
845,1989.023,594.9821,839.0
846,1991.249,595.0610,848.0
847,1993.474,595.1398,866.0
848,1995.699,595.2185,857.0
849,1997.922,595.2973,839.0
850,2000.145,595.3761,857.0
851,2002.367,595.4549,858.0
852,2004.588,595.5336,850.0
853,2006.808,595.6124,848.0
854,2009.028,595.6912,846.0
855,2011.246,595.7699,859.0
856,2013.464,595.8486,871.0
857,2015.681,595.9273,853.0
858,2017.898,596.0061,857.0
859,2020.113,596.0848,859.0
860,2022.328,596.1635,853.0
861,2024.541,596.2422,871.0
862,2026.754,596.3208,843.0
863,2028.966,596.3995,855.0
864,2031.178,596.4782,842.0
865,2033.388,596.5568,860.0
866,2035.598,596.6355,864.0
867,2037.807,596.7141,842.0
868,2040.015,596.7928,872.0
869,2042.222,596.8714,851.0
870,2044.429,596.9500,844.0
871,2046.634,597.0286,846.0
872,2048.839,597.1072,866.0
873,2051.043,597.1858,864.0
874,2053.247,597.2644,854.0
875,2055.449,597.3430,866.0
876,2057.651,597.4215,871.0
877,2059.851,597.5001,864.0
878,2062.052,597.5786,865.0
879,2064.251,597.6572,864.0
880,2066.449,597.7357,852.0
881,2068.647,597.8143,874.0
882,2070.844,597.8928,877.0
883,2073.040,597.9713,867.0
884,2075.235,598.0498,855.0
885,2077.429,598.1283,873.0
886,2079.623,598.2068,866.0
887,2081.815,598.2853,856.0
888,2084.007,598.3637,873.0
889,2086.199,598.4422,857.0
890,2088.389,598.5206,882.0
891,2090.579,598.5991,873.0
892,2092.767,598.6775,865.0
893,2094.955,598.7560,875.0
894,2097.143,598.8344,869.0
895,2099.329,598.9128,860.0
896,2101.514,598.9912,870.0
897,2103.699,599.0696,857.0
898,2105.883,599.1480,864.0
899,2108.066,599.2264,879.0
900,2110.249,599.3047,874.0
901,2112.430,599.3831,857.0
902,2114.611,599.4615,876.0
903,2116.791,599.5398,870.0
904,2118.970,599.6182,867.0
905,2121.149,599.6965,871.0
906,2123.326,599.7748,870.0
907,2125.503,599.8531,857.0
908,2127.679,599.9314,869.0
909,2129.854,600.0097,856.0
910,2132.029,600.0880,860.0
911,2134.202,600.1663,875.0
912,2136.375,600.2446,848.0
913,2138.547,600.3229,853.0
914,2140.718,600.4011,855.0
915,2142.889,600.4794,859.0
916,2145.058,600.5576,859.0
917,2147.227,600.6358,867.0
918,2149.395,600.7141,862.0
919,2151.563,600.7923,861.0
920,2153.729,600.8705,865.0
921,2155.895,600.9487,848.0
922,2158.060,601.0269,858.0
923,2160.224,601.1051,863.0
924,2162.387,601.1832,857.0
925,2164.550,601.2614,859.0
926,2166.711,601.3396,870.0
927,2168.872,601.4177,852.0
928,2171.033,601.4959,854.0
929,2173.192,601.5740,850.0
930,2175.351,601.6521,858.0
931,2177.508,601.7303,851.0
932,2179.665,601.8084,857.0
933,2181.822,601.8865,852.0
934,2183.977,601.9646,871.0
935,2186.132,602.0427,851.0
936,2188.285,602.1207,852.0
937,2190.439,602.1988,863.0
938,2192.591,602.2769,865.0
939,2194.742,602.3549,862.0
940,2196.893,602.4330,876.0
941,2199.043,602.5110,858.0
942,2201.192,602.5890,846.0
943,2203.341,602.6670,849.0
944,2205.488,602.7451,860.0
945,2207.635,602.8231,847.0
946,2209.781,602.9011,867.0
947,2211.926,602.9790,851.0
948,2214.071,603.0570,857.0
949,2216.214,603.1350,860.0
950,2218.357,603.2130,863.0
951,2220.499,603.2909,862.0
952,2222.641,603.3689,852.0
953,2224.781,603.4468,857.0
954,2226.921,603.5247,863.0
955,2229.060,603.6026,864.0
956,2231.198,603.6806,851.0
957,2233.336,603.7585,854.0
958,2235.472,603.8364,866.0
959,2237.608,603.9142,862.0
960,2239.743,603.9921,859.0
961,2241.878,604.0700,870.0
962,2244.011,604.1479,863.0
963,2246.144,604.2257,863.0
964,2248.276,604.3036,867.0
965,2250.407,604.3814,856.0
966,2252.538,604.4592,874.0
967,2254.667,604.5371,870.0
968,2256.796,604.6149,862.0
969,2258.924,604.6927,865.0
970,2261.052,604.7705,865.0
971,2263.178,604.8483,856.0
972,2265.304,604.9260,862.0
973,2267.429,605.0038,874.0
974,2269.553,605.0816,870.0
975,2271.677,605.1593,853.0
976,2273.800,605.2371,862.0
977,2275.921,605.3148,856.0
978,2278.043,605.3926,863.0
979,2280.163,605.4703,850.0
980,2282.283,605.5480,862.0
981,2284.401,605.6257,864.0
982,2286.520,605.7034,857.0
983,2288.637,605.7811,851.0
984,2290.753,605.8588,866.0
985,2292.869,605.9364,866.0
986,2294.984,606.0141,853.0
987,2297.098,606.0918,877.0
988,2299.212,606.1694,870.0
989,2301.325,606.2470,868.0
990,2303.437,606.3247,866.0
991,2305.548,606.4023,876.0
992,2307.658,606.4799,854.0
993,2309.768,606.5575,858.0
994,2311.877,606.6351,860.0
995,2313.985,606.7127,855.0
996,2316.092,606.7903,859.0
997,2318.199,606.8679,861.0
998,2320.304,606.9454,865.0
999,2322.409,607.0230,857.0
1000,2324.514,607.1005,865.0
1001,2326.617,607.1781,867.0
1002,2328.720,607.2556,866.0
1003,2330.822,607.3331,861.0
1004,2332.923,607.4106,860.0
1005,2335.024,607.4881,872.0
1006,2337.123,607.5656,866.0
1007,2339.222,607.6431,866.0
1008,2341.320,607.7206,865.0
1009,2343.418,607.7981,868.0
1010,2345.514,607.8755,872.0
1011,2347.610,607.9530,868.0
1012,2349.705,608.0304,878.0
1013,2351.800,608.1079,870.0
1014,2353.893,608.1853,875.0
1015,2355.986,608.2627,870.0
1016,2358.078,608.3401,874.0
1017,2360.170,608.4175,866.0
1018,2362.260,608.4949,870.0
1019,2364.350,608.5723,870.0
1020,2366.439,608.6497,868.0
1021,2368.527,608.7271,869.0
1022,2370.615,608.8044,872.0
1023,2372.702,608.8818,867.0
