# laser_power_pct,10.0
# exposure_time,2.00001
# laser_nm,532.021
# mode,single
pixel_index,raman_shift_cm-1,wavelength_nm,intensity
0,-225.296,525.7196,103.0
1,-222.228,525.8044,103.0
2,-219.160,525.8892,104.0
3,-216.094,525.9741,104.0
4,-213.029,526.0589,101.0
5,-209.965,526.1437,103.0
6,-206.902,526.2285,101.0
7,-203.840,526.3133,103.0
8,-200.780,526.3981,102.0
9,-197.721,526.4828,101.0
10,-194.663,526.5676,102.0
11,-191.606,526.6524,104.0
12,-188.551,526.7371,102.0
13,-185.497,526.8219,103.0
14,-182.444,526.9066,102.0
15,-179.392,526.9914,102.0
16,-176.341,527.0761,104.0
17,-173.292,527.1609,102.0
18,-170.243,527.2456,103.0
19,-167.196,527.3303,102.0
20,-164.150,527.4150,101.0
21,-161.106,527.4997,100.0
22,-158.062,527.5844,104.0
23,-155.020,527.6691,101.0
24,-151.979,527.7538,102.0
25,-148.939,527.8385,102.0
26,-145.900,527.9232,103.0
27,-142.862,528.0078,114.0
28,-139.826,528.0925,197.0
29,-136.791,528.1772,108.0
30,-133.757,528.2618,102.0
31,-130.724,528.3465,102.0
32,-127.693,528.4311,102.0
33,-124.662,528.5157,102.0
34,-121.633,528.6004,101.0
35,-118.605,528.6850,103.0
36,-115.578,528.7696,102.0
37,-112.553,528.8542,102.0
38,-109.528,528.9388,102.0
39,-106.505,529.0234,101.0
40,-103.483,529.1080,103.0
41,-100.462,529.1926,103.0
42,-97.442,529.2772,102.0
43,-94.424,529.3617,102.0
44,-91.406,529.4463,102.0
45,-88.390,529.5309,102.0
46,-85.375,529.6154,102.0
47,-82.361,529.7000,103.0
48,-79.349,529.7845,103.0
49,-76.337,529.8690,100.0
50,-73.327,529.9536,100.0
51,-70.318,530.0381,101.0
52,-67.310,530.1226,102.0
53,-64.304,530.2071,101.0
54,-61.298,530.2916,101.0
55,-58.294,530.3761,103.0
56,-55.290,530.4606,102.0
57,-52.288,530.5451,102.0
58,-49.288,530.6296,102.0
59,-46.288,530.7141,102.0
60,-43.289,530.7985,103.0
61,-40.292,530.8830,103.0
62,-37.296,530.9674,106.0
63,-34.301,531.0519,106.0
64,-31.307,531.1363,118.0
65,-28.315,531.2208,155.0
66,-25.323,531.3052,224.0
67,-22.333,531.3896,111.0
68,-19.344,531.4740,103.0
69,-16.356,531.5585,103.0
70,-13.369,531.6429,101.0
71,-10.384,531.7273,102.0
72,-7.399,531.8117,101.0
73,-4.416,531.8960,101.0
74,-1.434,531.9804,101.0
75,1.547,532.0648,101.0
76,4.527,532.1492,102.0
77,7.506,532.2335,101.0
78,10.483,532.3179,103.0
79,13.459,532.4022,103.0
80,16.434,532.4866,105.0
81,19.408,532.5709,102.0
82,22.381,532.6552,102.0
83,25.353,532.7396,102.0
84,28.323,532.8239,102.0
85,31.293,532.9082,103.0
86,34.261,532.9925,104.0
87,37.228,533.0768,101.0
88,40.193,533.1611,101.0
89,43.158,533.2454,103.0
90,46.122,533.3297,100.0
91,49.084,533.4139,100.0
92,52.045,533.4982,101.0
93,55.005,533.5825,102.0
94,57.964,533.6667,102.0
95,60.922,533.7510,102.0
96,63.878,533.8352,104.0
97,66.834,533.9195,103.0
98,69.788,534.0037,104.0
99,72.741,534.0879,106.0
100,75.693,534.1721,107.0
101,78.644,534.2563,108.0
102,81.594,534.3405,109.0
103,84.542,534.4247,111.0
104,87.490,534.5089,113.0
105,90.436,534.5931,112.0
106,93.381,534.6773,109.0
107,96.325,534.7615,111.0
108,99.268,534.8457,110.0
109,102.209,534.9298,113.0
110,105.150,535.0140,111.0
111,108.089,535.0981,112.0
112,111.027,535.1823,112.0
113,113.964,535.2664,110.0
114,116.900,535.3505,113.0
115,119.835,535.4346,113.0
116,122.769,535.5188,111.0
117,125.701,535.6029,111.0
118,128.632,535.6870,110.0
119,131.562,535.7711,112.0
120,134.492,535.8552,110.0
121,137.419,535.9393,112.0
122,140.346,536.0233,113.0
123,143.272,536.1074,113.0
124,146.196,536.1915,111.0
125,149.120,536.2755,111.0
126,152.042,536.3596,111.0
127,154.963,536.4436,110.0
128,157.883,536.5277,113.0
129,160.802,536.6117,113.0
130,163.719,536.6957,111.0
131,166.636,536.7798,110.0
132,169.551,536.8638,112.0
133,172.466,536.9478,110.0
134,175.379,537.0318,111.0
135,178.291,537.1158,115.0
136,181.202,537.1998,114.0
137,184.111,537.2838,114.0
138,187.020,537.3677,113.0
139,189.927,537.4517,113.0
140,192.834,537.5357,112.0
141,195.739,537.6196,113.0
142,198.643,537.7036,113.0
143,201.546,537.7875,113.0
144,204.448,537.8715,114.0
145,207.348,537.9554,113.0
146,210.248,538.0393,113.0
147,213.146,538.1232,114.0
148,216.044,538.2071,113.0
149,218.940,538.2910,115.0
150,221.835,538.3749,114.0
151,224.729,538.4588,114.0
152,227.622,538.5427,115.0
153,230.513,538.6266,114.0
154,233.404,538.7105,114.0
155,236.293,538.7944,116.0
156,239.182,538.8782,114.0
157,242.069,538.9621,114.0
158,244.955,539.0459,114.0
159,247.840,539.1298,114.0
160,250.724,539.2136,113.0
161,253.607,539.2974,114.0
162,256.488,539.3812,115.0
163,259.369,539.4651,117.0
164,262.248,539.5489,117.0
165,265.126,539.6327,116.0
166,268.004,539.7165,118.0
167,270.880,539.8003,118.0
168,273.754,539.8840,118.0
169,276.628,539.9678,118.0
170,279.501,540.0516,119.0
171,282.373,540.1354,121.0
172,285.243,540.2191,118.0
173,288.112,540.3029,120.0
174,290.981,540.3866,119.0
175,293.848,540.4703,118.0
176,296.714,540.5541,119.0
177,299.579,540.6378,118.0
178,302.442,540.7215,116.0
179,305.305,540.8052,119.0
180,308.167,540.8889,115.0
181,311.027,540.9726,117.0
182,313.886,541.0563,115.0
183,316.745,541.1400,115.0
184,319.602,541.2237,117.0
185,322.458,541.3074,116.0
186,325.313,541.3910,115.0
187,328.167,541.4747,114.0
188,331.019,541.5583,120.0
189,333.871,541.6420,114.0
190,336.722,541.7256,115.0
191,339.571,541.8093,115.0
192,342.419,541.8929,116.0
193,345.266,541.9765,115.0
194,348.113,542.0601,116.0
195,350.958,542.1437,117.0
196,353.801,542.2273,119.0
197,356.644,542.3109,119.0
198,359.486,542.3945,115.0
199,362.327,542.4781,118.0
200,365.166,542.5617,117.0
201,368.004,542.6452,117.0
202,370.842,542.7288,117.0
203,373.678,542.8124,115.0
204,376.513,542.8959,116.0
205,379.347,542.9794,120.0
206,382.180,543.0630,116.0
207,385.012,543.1465,115.0
208,387.843,543.2300,116.0
209,390.672,543.3135,116.0
210,393.501,543.3971,116.0
211,396.328,543.4806,117.0
212,399.155,543.5641,115.0
213,401.980,543.6475,115.0
214,404.804,543.7310,115.0
215,407.627,543.8145,117.0
216,410.449,543.8980,116.0
217,413.270,543.9814,118.0
218,416.090,544.0649,117.0
219,418.909,544.1483,116.0
220,421.726,544.2318,118.0
221,424.543,544.3152,115.0
222,427.358,544.3986,117.0
223,430.173,544.4821,119.0
224,432.986,544.5655,118.0
225,435.798,544.6489,118.0
226,438.609,544.7323,115.0
227,441.419,544.8157,117.0
228,444.228,544.8991,119.0
229,447.036,544.9825,116.0
230,449.843,545.0658,115.0
231,452.649,545.1492,115.0
232,455.453,545.2326,116.0
233,458.257,545.3159,117.0
234,461.059,545.3993,117.0
235,463.861,545.4826,117.0
236,466.661,545.5660,116.0
237,469.460,545.6493,117.0
238,472.259,545.7326,118.0
239,475.056,545.8159,118.0
240,477.852,545.8992,118.0
241,480.647,545.9825,117.0
242,483.440,546.0658,120.0
243,486.233,546.1491,121.0
244,489.025,546.2324,125.0
245,491.815,546.3157,127.0
246,494.605,546.3990,135.0
247,497.393,546.4822,142.0
248,500.181,546.5655,156.0
249,502.967,546.6487,184.0
250,505.752,546.7320,256.0
251,508.537,546.8152,367.0
252,511.320,546.8984,438.0
253,514.102,546.9817,339.0
254,516.883,547.0649,213.0
255,519.663,547.1481,156.0
256,522.441,547.2313,138.0
257,525.219,547.3145,129.0
258,527.996,547.3977,122.0
259,530.771,547.4808,121.0
260,533.546,547.5640,122.0
261,536.319,547.6472,122.0
262,539.092,547.7304,121.0
263,541.863,547.8135,120.0
264,544.633,547.8967,119.0
265,547.403,547.9798,120.0
266,550.171,548.0629,119.0
267,552.938,548.1461,118.0
268,555.704,548.2292,120.0
269,558.469,548.3123,120.0
270,561.233,548.3954,118.0
271,563.996,548.4785,118.0
272,566.757,548.5616,118.0
273,569.518,548.6447,119.0
274,572.278,548.7278,118.0
275,575.036,548.8108,119.0
276,577.794,548.8939,121.0
277,580.550,548.9770,117.0
278,583.306,549.0600,117.0
279,586.060,549.1431,120.0
280,588.813,549.2261,119.0
281,591.566,549.3092,120.0
282,594.317,549.3922,119.0
283,597.067,549.4752,118.0
284,599.816,549.5582,119.0
285,602.564,549.6412,119.0
286,605.311,549.7242,120.0
287,608.057,549.8072,119.0
288,610.802,549.8902,117.0
289,613.546,549.9732,121.0
290,616.288,550.0561,120.0
291,619.030,550.1391,118.0
292,621.771,550.2221,119.0
293,624.510,550.3050,122.0
294,627.249,550.3880,119.0
295,629.986,550.4709,117.0
296,632.723,550.5538,120.0
297,635.458,550.6368,117.0
298,638.192,550.7197,121.0
299,640.926,550.8026,118.0
300,643.658,550.8855,121.0
301,646.389,550.9684,119.0
302,649.119,551.0513,119.0
303,651.848,551.1342,120.0
304,654.576,551.2170,120.0
305,657.304,551.2999,119.0
306,660.029,551.3828,120.0
307,662.754,551.4656,120.0
308,665.478,551.5485,119.0
309,668.201,551.6313,122.0
310,670.923,551.7142,120.0
311,673.644,551.7970,121.0
312,676.363,551.8798,125.0
313,679.082,551.9626,122.0
314,681.800,552.0454,119.0
315,684.516,552.1282,119.0
316,687.232,552.2110,122.0
317,689.946,552.2938,120.0
318,692.660,552.3766,118.0
319,695.372,552.4594,121.0
320,698.084,552.5421,121.0
321,700.794,552.6249,119.0
322,703.503,552.7077,119.0
323,706.212,552.7904,121.0
324,708.919,552.8731,120.0
325,711.625,552.9559,119.0
326,714.330,553.0386,119.0
327,717.034,553.1213,122.0
328,719.737,553.2040,121.0
329,722.439,553.2867,117.0
330,725.141,553.3694,121.0
331,727.841,553.4521,123.0
332,730.539,553.5348,123.0
333,733.237,553.6175,120.0
334,735.934,553.7002,122.0
335,738.630,553.7828,122.0
336,741.325,553.8655,124.0
337,744.019,553.9481,120.0
338,746.712,554.0308,122.0
339,749.403,554.1134,120.0
340,752.094,554.1960,122.0
341,754.784,554.2787,121.0
342,757.473,554.3613,118.0
343,760.160,554.4439,120.0
344,762.847,554.5265,121.0
345,765.532,554.6091,120.0
346,768.217,554.6917,122.0
347,770.900,554.7742,120.0
348,773.583,554.8568,122.0
349,776.264,554.9394,121.0
350,778.945,555.0219,122.0
351,781.624,555.1045,123.0
352,784.303,555.1870,123.0
353,786.980,555.2696,123.0
354,789.657,555.3521,123.0
355,792.332,555.4346,122.0
356,795.006,555.5172,120.0
357,797.680,555.5997,121.0
358,800.352,555.6822,122.0
359,803.023,555.7647,123.0
360,805.693,555.8472,122.0
361,808.363,555.9296,121.0
362,811.031,556.0121,123.0
363,813.698,556.0946,123.0
364,816.364,556.1770,126.0
365,819.029,556.2595,122.0
366,821.694,556.3419,123.0
367,824.357,556.4244,125.0
368,827.019,556.5068,123.0
369,829.680,556.5892,121.0
370,832.340,556.6717,121.0
371,834.999,556.7541,123.0
372,837.657,556.8365,121.0
373,840.314,556.9189,123.0
374,842.970,557.0013,123.0
375,845.625,557.0837,125.0
376,848.279,557.1660,126.0
377,850.932,557.2484,121.0
378,853.584,557.3308,122.0
379,856.235,557.4131,124.0
380,858.885,557.4955,121.0
381,861.534,557.5778,121.0
382,864.182,557.6602,121.0
383,866.829,557.7425,124.0
384,869.475,557.8248,120.0
385,872.120,557.9071,124.0
386,874.764,557.9894,123.0
387,877.407,558.0717,127.0
388,880.049,558.1540,128.0
389,882.690,558.2363,123.0
390,885.330,558.3186,124.0
391,887.969,558.4009,125.0
392,890.607,558.4831,124.0
393,893.243,558.5654,123.0
394,895.879,558.6476,124.0
395,898.514,558.7299,122.0
396,901.148,558.8121,123.0
397,903.781,558.8943,125.0
398,906.413,558.9766,124.0
399,909.044,559.0588,124.0
400,911.674,559.1410,125.0
401,914.303,559.2232,126.0
402,916.930,559.3054,126.0
403,919.557,559.3876,124.0
404,922.183,559.4698,126.0
405,924.808,559.5519,127.0
406,927.432,559.6341,128.0
407,930.055,559.7162,130.0
408,932.677,559.7984,132.0
409,935.298,559.8805,134.0
410,937.918,559.9627,133.0
411,940.536,560.0448,134.0
412,943.154,560.1269,135.0
413,945.771,560.2090,135.0
414,948.387,560.2912,134.0
415,951.002,560.3733,137.0
416,953.616,560.4554,135.0
417,956.229,560.5374,136.0
418,958.841,560.6195,136.0
419,961.452,560.7016,135.0
420,964.062,560.7837,134.0
421,966.671,560.8657,133.0
422,969.279,560.9478,134.0
423,971.886,561.0298,135.0
424,974.492,561.1119,134.0
425,977.097,561.1939,132.0
426,979.701,561.2759,134.0
427,982.304,561.3579,134.0
428,984.906,561.4399,132.0
429,987.507,561.5219,130.0
430,990.107,561.6039,128.0
431,992.706,561.6859,126.0
432,995.305,561.7679,130.0
433,997.902,561.8499,125.0
434,1000.498,561.9318,125.0
435,1003.093,562.0138,129.0
436,1005.687,562.0957,128.0
437,1008.280,562.1777,126.0
438,1010.873,562.2596,126.0
439,1013.464,562.3416,128.0
440,1016.054,562.4235,128.0
441,1018.643,562.5054,130.0
442,1021.232,562.5873,126.0
443,1023.819,562.6692,126.0
444,1026.405,562.7511,127.0
445,1028.991,562.8330,122.0
446,1031.575,562.9149,127.0
447,1034.158,562.9967,126.0
448,1036.741,563.0786,125.0
449,1039.322,563.1605,122.0
450,1041.903,563.2423,126.0
451,1044.482,563.3242,125.0
452,1047.061,563.4060,125.0
453,1049.638,563.4878,127.0
454,1052.215,563.5696,128.0
455,1054.790,563.6515,128.0
456,1057.365,563.7333,126.0
457,1059.938,563.8151,126.0
458,1062.511,563.8969,128.0
459,1065.083,563.9786,127.0
460,1067.653,564.0604,123.0
461,1070.223,564.1422,126.0
462,1072.792,564.2240,122.0
463,1075.360,564.3057,125.0
464,1077.927,564.3875,128.0
465,1080.492,564.4692,125.0
466,1083.057,564.5509,126.0
467,1085.621,564.6327,126.0
468,1088.184,564.7144,125.0
469,1090.746,564.7961,126.0
470,1093.307,564.8778,124.0
471,1095.867,564.9595,128.0
472,1098.426,565.0412,130.0
473,1100.984,565.1229,127.0
474,1103.541,565.2046,128.0
475,1106.097,565.2862,128.0
476,1108.653,565.3679,129.0
477,1111.207,565.4496,124.0
478,1113.760,565.5312,125.0
479,1116.312,565.6128,125.0
480,1118.864,565.6945,129.0
481,1121.414,565.7761,125.0
482,1123.964,565.8577,126.0
483,1126.512,565.9393,124.0
484,1129.059,566.0209,129.0
485,1131.606,566.1025,125.0
486,1134.152,566.1841,126.0
487,1136.696,566.2657,129.0
488,1139.240,566.3473,128.0
489,1141.782,566.4288,130.0
490,1144.324,566.5104,129.0
491,1146.865,566.5920,130.0
492,1149.405,566.6735,130.0
493,1151.944,566.7550,126.0
494,1154.481,566.8366,124.0
495,1157.018,566.9181,130.0
496,1159.554,566.9996,127.0
497,1162.089,567.0811,127.0
498,1164.623,567.1626,128.0
499,1167.157,567.2441,128.0
500,1169.689,567.3256,128.0
501,1172.220,567.4071,129.0
502,1174.750,567.4886,129.0
503,1177.279,567.5700,126.0
504,1179.808,567.6515,127.0
505,1182.335,567.7329,126.0
506,1184.861,567.8144,127.0
507,1187.387,567.8958,125.0
508,1189.911,567.9772,128.0
509,1192.435,568.0587,127.0
510,1194.958,568.1401,127.0
511,1197.479,568.2215,132.0
512,1200.000,568.3029,129.0
513,1202.520,568.3843,130.0
514,1205.039,568.4657,128.0
515,1207.556,568.5470,130.0
516,1210.073,568.6284,130.0
517,1212.589,568.7098,132.0
518,1215.104,568.7911,130.0
519,1217.618,568.8725,131.0
520,1220.132,568.9538,131.0
521,1222.644,569.0352,129.0
522,1225.155,569.1165,130.0
523,1227.665,569.1978,130.0
524,1230.175,569.2791,132.0
525,1232.683,569.3604,133.0
526,1235.190,569.4417,130.0
527,1237.697,569.5230,132.0
528,1240.202,569.6043,129.0
529,1242.707,569.6855,129.0
530,1245.211,569.7668,127.0
531,1247.714,569.8481,131.0
532,1250.215,569.9293,131.0
533,1252.716,570.0106,132.0
534,1255.216,570.0918,127.0
535,1257.715,570.1730,134.0
536,1260.213,570.2543,130.0
537,1262.710,570.3355,127.0
538,1265.206,570.4167,131.0
539,1267.702,570.4979,131.0
540,1270.196,570.5791,129.0
541,1272.689,570.6603,132.0
542,1275.182,570.7414,128.0
543,1277.673,570.8226,135.0
544,1280.164,570.9038,129.0
545,1282.653,570.9849,130.0
546,1285.142,571.0661,134.0
547,1287.630,571.1472,134.0
548,1290.116,571.2283,134.0
549,1292.602,571.3095,130.0
550,1295.087,571.3906,132.0
551,1297.571,571.4717,129.0
552,1300.054,571.5528,128.0
553,1302.536,571.6339,130.0
554,1305.018,571.7150,132.0
555,1307.498,571.7961,129.0
556,1309.977,571.8771,130.0
557,1312.455,571.9582,132.0
558,1314.933,572.0393,131.0
559,1317.409,572.1203,134.0
560,1319.885,572.2014,135.0
561,1322.360,572.2824,131.0
562,1324.834,572.3634,134.0
563,1327.306,572.4444,135.0
564,1329.778,572.5255,134.0
565,1332.249,572.6065,133.0
566,1334.719,572.6875,134.0
567,1337.188,572.7685,134.0
568,1339.657,572.8494,134.0
569,1342.124,572.9304,132.0
570,1344.590,573.0114,134.0
571,1347.056,573.0923,134.0
572,1349.520,573.1733,137.0
573,1351.984,573.2542,136.0
574,1354.446,573.3352,138.0
575,1356.908,573.4161,137.0
576,1359.369,573.4970,136.0
577,1361.829,573.5779,137.0
578,1364.287,573.6589,137.0
579,1366.746,573.7398,133.0
580,1369.203,573.8207,140.0
581,1371.659,573.9015,138.0
582,1374.114,573.9824,136.0
583,1376.568,574.0633,132.0
584,1379.022,574.1442,133.0
585,1381.474,574.2250,132.0
586,1383.926,574.3059,134.0
587,1386.377,574.3867,132.0
588,1388.826,574.4675,133.0
589,1391.275,574.5484,134.0
590,1393.723,574.6292,131.0
591,1396.170,574.7100,129.0
592,1398.616,574.7908,137.0
593,1401.061,574.8716,131.0
594,1403.506,574.9524,132.0
595,1405.949,575.0332,132.0
596,1408.391,575.1139,133.0
597,1410.833,575.1947,132.0
598,1413.273,575.2754,131.0
599,1415.713,575.3562,134.0
600,1418.152,575.4369,130.0
601,1420.590,575.5177,131.0
602,1423.027,575.5984,128.0
603,1425.463,575.6791,133.0
604,1427.898,575.7598,132.0
605,1430.332,575.8405,130.0
606,1432.765,575.9212,132.0
607,1435.198,576.0019,132.0
608,1437.629,576.0826,134.0
609,1440.060,576.1633,132.0
610,1442.489,576.2440,134.0
611,1444.918,576.3246,134.0
612,1447.346,576.4053,130.0
613,1449.773,576.4859,131.0
614,1452.199,576.5665,133.0
615,1454.624,576.6472,135.0
616,1457.048,576.7278,135.0
617,1459.471,576.8084,137.0
618,1461.894,576.8890,134.0
619,1464.315,576.9696,135.0
620,1466.736,577.0502,133.0
621,1469.156,577.1308,132.0
622,1471.574,577.2114,131.0
623,1473.992,577.2919,135.0
624,1476.409,577.3725,133.0
625,1478.825,577.4530,133.0
626,1481.240,577.5336,131.0
627,1483.655,577.6141,133.0
628,1486.068,577.6947,129.0
629,1488.480,577.7752,130.0
630,1490.892,577.8557,131.0
631,1493.303,577.9362,131.0
632,1495.712,578.0167,132.0
633,1498.121,578.0972,128.0
634,1500.529,578.1777,132.0
635,1502.936,578.2582,128.0
636,1505.343,578.3386,133.0
637,1507.748,578.4191,132.0
638,1510.152,578.4995,134.0
639,1512.556,578.5800,134.0
640,1514.958,578.6604,129.0
641,1517.360,578.7409,133.0
642,1519.761,578.8213,128.0
643,1522.161,578.9017,133.0
644,1524.560,578.9821,137.0
645,1526.958,579.0625,133.0
646,1529.355,579.1429,128.0
647,1531.751,579.2233,130.0
648,1534.147,579.3037,134.0
649,1536.541,579.3840,131.0
650,1538.935,579.4644,133.0
651,1541.327,579.5447,134.0
652,1543.719,579.6251,135.0
653,1546.110,579.7054,135.0
654,1548.500,579.7858,131.0
655,1550.889,579.8661,131.0
656,1553.278,579.9464,131.0
657,1555.665,580.0267,129.0
658,1558.052,580.1070,135.0
659,1560.437,580.1873,132.0
660,1562.822,580.2676,131.0
661,1565.206,580.3479,133.0
662,1567.589,580.4281,133.0
663,1569.971,580.5084,134.0
664,1572.352,580.5887,136.0
665,1574.732,580.6689,136.0
666,1577.112,580.7491,132.0
667,1579.490,580.8294,132.0
668,1581.868,580.9096,134.0
669,1584.245,580.9898,131.0
670,1586.620,581.0700,131.0
671,1588.995,581.1502,134.0
672,1591.370,581.2304,134.0
673,1593.743,581.3106,134.0
674,1596.115,581.3908,132.0
675,1598.486,581.4709,133.0
676,1600.857,581.5511,131.0
677,1603.227,581.6313,131.0
678,1605.596,581.7114,132.0
679,1607.963,581.7915,133.0
680,1610.330,581.8717,132.0
681,1612.697,581.9518,133.0
682,1615.062,582.0319,135.0
683,1617.426,582.1120,134.0
684,1619.790,582.1921,132.0
685,1622.152,582.2722,132.0
686,1624.514,582.3523,133.0
687,1626.875,582.4324,131.0
688,1629.235,582.5124,132.0
689,1631.594,582.5925,133.0
690,1633.952,582.6726,134.0
691,1636.310,582.7526,131.0
692,1638.666,582.8326,133.0
693,1641.022,582.9127,132.0
694,1643.377,582.9927,131.0
695,1645.731,583.0727,131.0
696,1648.084,583.1527,135.0
697,1650.436,583.2327,134.0
698,1652.787,583.3127,131.0
699,1655.137,583.3927,136.0
700,1657.487,583.4727,132.0
701,1659.835,583.5526,134.0
702,1662.183,583.6326,131.0
703,1664.530,583.7125,134.0
704,1666.876,583.7925,135.0
705,1669.221,583.8724,131.0
706,1671.565,583.9523,136.0
707,1673.909,584.0323,132.0
708,1676.251,584.1122,133.0
709,1678.593,584.1921,132.0
710,1680.934,584.2720,133.0
711,1683.274,584.3519,134.0
712,1685.613,584.4318,131.0
713,1687.951,584.5116,130.0
714,1690.288,584.5915,131.0
715,1692.625,584.6714,131.0
716,1694.960,584.7512,135.0
717,1697.295,584.8310,134.0
718,1699.629,584.9109,133.0
719,1701.962,584.9907,131.0
720,1704.294,585.0705,134.0
721,1706.625,585.1503,134.0
722,1708.956,585.2301,133.0
723,1711.285,585.3099,131.0
724,1713.614,585.3897,132.0
725,1715.942,585.4695,134.0
726,1718.269,585.5493,133.0
727,1720.595,585.6290,135.0
728,1722.920,585.7088,133.0
729,1725.244,585.7885,133.0
730,1727.568,585.8683,132.0
731,1729.890,585.9480,134.0
732,1732.212,586.0277,133.0
733,1734.533,586.1075,134.0
734,1736.853,586.1872,137.0
735,1739.172,586.2669,134.0
736,1741.491,586.3466,135.0
737,1743.808,586.4263,152.0
738,1746.125,586.5059,158.0
739,1748.440,586.5856,135.0
740,1750.755,586.6653,134.0
741,1753.069,586.7449,132.0
742,1755.383,586.8246,135.0
743,1757.695,586.9042,137.0
744,1760.006,586.9838,134.0
745,1762.317,587.0635,133.0
746,1764.627,587.1431,136.0
747,1766.936,587.2227,129.0
748,1769.244,587.3023,139.0
749,1771.551,587.3819,133.0
750,1773.857,587.4615,133.0
751,1776.163,587.5410,133.0
752,1778.467,587.6206,133.0
753,1780.771,587.7002,133.0
754,1783.074,587.7797,131.0
755,1785.376,587.8593,132.0
756,1787.677,587.9388,132.0
757,1789.978,588.0183,134.0
758,1792.277,588.0978,136.0
759,1794.576,588.1774,133.0
760,1796.874,588.2569,132.0
761,1799.171,588.3364,131.0
762,1801.467,588.4158,134.0
763,1803.762,588.4953,133.0
764,1806.057,588.5748,136.0
765,1808.350,588.6543,132.0
766,1810.643,588.7337,133.0
767,1812.935,588.8132,134.0
768,1815.226,588.8926,132.0
769,1817.516,588.9720,133.0
770,1819.805,589.0515,134.0
771,1822.094,589.1309,135.0
772,1824.381,589.2103,135.0
773,1826.668,589.2897,134.0
774,1828.954,589.3691,133.0
775,1831.239,589.4485,133.0
776,1833.524,589.5279,133.0
777,1835.807,589.6072,131.0
778,1838.090,589.6866,131.0
779,1840.371,589.7659,135.0
780,1842.652,589.8453,132.0
781,1844.932,589.9246,136.0
782,1847.212,590.0040,134.0
783,1849.490,590.0833,132.0
784,1851.768,590.1626,134.0
785,1854.044,590.2419,133.0
786,1856.320,590.3212,137.0
787,1858.595,590.4005,134.0
788,1860.869,590.4798,133.0
789,1863.143,590.5590,136.0
790,1865.415,590.6383,132.0
791,1867.687,590.7176,133.0
792,1869.958,590.7968,133.0
793,1872.228,590.8761,135.0
794,1874.497,590.9553,133.0
795,1876.765,591.0345,133.0
796,1879.033,591.1137,134.0
797,1881.299,591.1929,134.0
798,1883.565,591.2722,131.0
799,1885.830,591.3513,135.0
800,1888.094,591.4305,136.0
801,1890.357,591.5097,134.0
802,1892.620,591.5889,132.0
803,1894.881,591.6680,131.0
804,1897.142,591.7472,135.0
805,1899.402,591.8263,137.0
806,1901.661,591.9055,134.0
807,1903.920,591.9846,134.0
808,1906.177,592.0637,138.0
809,1908.434,592.1429,137.0
810,1910.690,592.2220,135.0
811,1912.944,592.3011,138.0
812,1915.199,592.3801,134.0
813,1917.452,592.4592,135.0
814,1919.704,592.5383,135.0
815,1921.956,592.6174,136.0
816,1924.207,592.6964,140.0
817,1926.457,592.7755,135.0
818,1928.706,592.8545,131.0
819,1930.954,592.9336,134.0
820,1933.202,593.0126,135.0
821,1935.449,593.0916,135.0
822,1937.694,593.1706,135.0
823,1939.939,593.2496,134.0
824,1942.184,593.3286,134.0
825,1944.427,593.4076,133.0
826,1946.670,593.4866,137.0
827,1948.911,593.5655,139.0
828,1951.152,593.6445,138.0
829,1953.392,593.7235,133.0
830,1955.632,593.8024,135.0
831,1957.870,593.8813,137.0
832,1960.108,593.9603,139.0
833,1962.344,594.0392,136.0
834,1964.580,594.1181,137.0
835,1966.815,594.1970,135.0
836,1969.050,594.2759,138.0
837,1971.283,594.3548,134.0
838,1973.516,594.4337,137.0
839,1975.748,594.5126,136.0
840,1977.979,594.5914,136.0
841,1980.209,594.6703,133.0
842,1982.438,594.7491,132.0
843,1984.667,594.8280,136.0
844,1986.895,594.9068,135.0
845,1989.122,594.9856,136.0
846,1991.348,595.0644,135.0
847,1993.573,595.1432,138.0
848,1995.798,595.2220,138.0
849,1998.021,595.3008,136.0
850,2000.244,595.3796,134.0
851,2002.466,595.4584,135.0
852,2004.687,595.5372,135.0
853,2006.908,595.6159,135.0
854,2009.127,595.6947,137.0
855,2011.346,595.7734,135.0
856,2013.564,595.8522,138.0
857,2015.781,595.9309,136.0
858,2017.997,596.0096,137.0
859,2020.213,596.0883,141.0
860,2022.428,596.1670,134.0
861,2024.641,596.2457,136.0
862,2026.855,596.3244,138.0
863,2029.067,596.4031,134.0
864,2031.278,596.4818,133.0
865,2033.489,596.5604,136.0
866,2035.699,596.6391,134.0
867,2037.908,596.7177,134.0
868,2040.116,596.7964,135.0
869,2042.323,596.8750,136.0
870,2044.530,596.9536,138.0
871,2046.736,597.0322,136.0
872,2048.941,597.1108,135.0
873,2051.145,597.1894,137.0
874,2053.348,597.2680,136.0
875,2055.551,597.3466,135.0
876,2057.752,597.4252,136.0
877,2059.953,597.5037,136.0
878,2062.153,597.5823,136.0
879,2064.353,597.6608,135.0
880,2066.551,597.7394,137.0
881,2068.749,597.8179,133.0
882,2070.946,597.8964,137.0
883,2073.142,597.9749,136.0
884,2075.337,598.0535,136.0
885,2077.532,598.1320,132.0
886,2079.725,598.2104,134.0
887,2081.918,598.2889,139.0
888,2084.110,598.3674,135.0
889,2086.302,598.4459,134.0
890,2088.492,598.5243,136.0
891,2090.682,598.6028,137.0
892,2092.871,598.6812,136.0
893,2095.059,598.7597,134.0
894,2097.246,598.8381,136.0
895,2099.432,598.9165,135.0
896,2101.618,598.9949,135.0
897,2103.803,599.0733,138.0
898,2105.987,599.1517,140.0
899,2108.170,599.2301,136.0
900,2110.353,599.3085,135.0
901,2112.534,599.3868,135.0
902,2114.715,599.4652,134.0
903,2116.895,599.5436,136.0
904,2119.074,599.6219,137.0
905,2121.253,599.7002,138.0
906,2123.430,599.7786,136.0
907,2125.607,599.8569,136.0
908,2127.783,599.9352,137.0
909,2129.959,600.0135,138.0
910,2132.133,600.0918,134.0
911,2134.307,600.1701,138.0
912,2136.480,600.2484,137.0
913,2138.652,600.3266,135.0
914,2140.823,600.4049,135.0
915,2142.994,600.4831,134.0
916,2145.163,600.5614,138.0
917,2147.332,600.6396,139.0
918,2149.500,600.7179,141.0
919,2151.668,600.7961,135.0
920,2153.834,600.8743,136.0
921,2156.000,600.9525,134.0
922,2158.165,601.0307,139.0
923,2160.329,601.1089,138.0
924,2162.492,601.1871,136.0
925,2164.655,601.2652,133.0
926,2166.817,601.3434,132.0
927,2168.978,601.4215,136.0
928,2171.138,601.4997,133.0
929,2173.298,601.5778,136.0
930,2175.456,601.6560,137.0
931,2177.614,601.7341,136.0
932,2179.771,601.8122,136.0
933,2181.927,601.8903,135.0
934,2184.083,601.9684,137.0
935,2186.238,602.0465,137.0
936,2188.391,602.1246,137.0
937,2190.545,602.2026,135.0
938,2192.697,602.2807,139.0
939,2194.848,602.3588,137.0
940,2196.999,602.4368,137.0
941,2199.149,602.5148,138.0
942,2201.298,602.5929,136.0
943,2203.447,602.6709,134.0
944,2205.594,602.7489,139.0
945,2207.741,602.8269,133.0
946,2209.887,602.9049,135.0
947,2212.033,602.9829,134.0
948,2214.177,603.0609,138.0
949,2216.321,603.1389,140.0
950,2218.464,603.2168,138.0
951,2220.606,603.2948,137.0
952,2222.747,603.3727,136.0
953,2224.888,603.4507,134.0
954,2227.028,603.5286,137.0
955,2229.167,603.6065,134.0
956,2231.305,603.6844,136.0
957,2233.442,603.7624,135.0
958,2235.579,603.8403,137.0
959,2237.715,603.9181,137.0
960,2239.850,603.9960,138.0
961,2241.984,604.0739,133.0
962,2244.118,604.1518,137.0
963,2246.251,604.2296,138.0
964,2248.383,604.3075,135.0
965,2250.514,604.3853,137.0
966,2252.645,604.4631,138.0
967,2254.774,604.5410,135.0
968,2256.903,604.6188,135.0
969,2259.031,604.6966,141.0
970,2261.159,604.7744,137.0
971,2263.285,604.8522,140.0
972,2265.411,604.9300,139.0
973,2267.536,605.0077,137.0
974,2269.660,605.0855,137.0
975,2271.784,605.1633,134.0
976,2273.907,605.2410,139.0
977,2276.029,605.3187,135.0
978,2278.150,605.3965,138.0
979,2280.270,605.4742,138.0
980,2282.390,605.5519,139.0
981,2284.509,605.6296,135.0
982,2286.627,605.7073,138.0
983,2288.744,605.7850,138.0
984,2290.861,605.8627,135.0
985,2292.976,605.9404,135.0
986,2295.091,606.0180,135.0
987,2297.206,606.0957,136.0
988,2299.319,606.1733,135.0
989,2301.432,606.2510,134.0
990,2303.544,606.3286,137.0
991,2305.655,606.4062,137.0
992,2307.765,606.4838,136.0
993,2309.875,606.5615,133.0
994,2311.984,606.6391,137.0
995,2314.092,606.7166,137.0
996,2316.199,606.7942,136.0
997,2318.306,606.8718,135.0
998,2320.411,606.9494,139.0
999,2322.516,607.0269,137.0
1000,2324.621,607.1045,138.0
1001,2326.724,607.1820,135.0
1002,2328.827,607.2595,138.0
1003,2330.929,607.3371,136.0
1004,2333.030,607.4146,139.0
1005,2335.131,607.4921,137.0
1006,2337.230,607.5696,137.0
1007,2339.329,607.6471,137.0
1008,2341.427,607.7245,141.0
1009,2343.525,607.8020,136.0
1010,2345.621,607.8795,138.0
1011,2347.717,607.9569,136.0
1012,2349.812,608.0344,139.0
1013,2351.907,608.1118,137.0
1014,2354.000,608.1893,135.0
1015,2356.093,608.2667,137.0
1016,2358.185,608.3441,137.0
1017,2360.276,608.4215,137.0
1018,2362.367,608.4989,137.0
1019,2364.457,608.5763,140.0
1020,2366.546,608.6537,139.0
1021,2368.634,608.7310,135.0
1022,2370.722,608.8084,139.0
1023,2372.808,608.8858,139.0
