# laser_power_pct,1
# exposure_time,0.2
# mode,kinetic
frame_index,pixel_index,intensity
0,0,92
0,1,93
0,2,94
0,3,94
0,4,94
0,5,94
0,6,94
0,7,95
0,8,95
0,9,93
0,10,95
0,11,94
0,12,94
0,13,93
0,14,94
0,15,95
0,16,93
0,17,93
0,18,93
0,19,95
0,20,94
0,21,94
0,22,95
0,23,95
0,24,94
0,25,92
0,26,94
0,27,94
0,28,94
0,29,95
0,30,94
0,31,96
0,32,93
0,33,93
0,34,93
0,35,94
0,36,96
0,37,92
0,38,94
0,39,93
0,40,93
0,41,94
0,42,96
0,43,93
0,44,93
0,45,96
0,46,94
0,47,94
0,48,93
0,49,92
0,50,94
0,51,95
0,52,95
0,53,94
0,54,94
0,55,94
0,56,93
0,57,92
0,58,93
0,59,94
0,60,94
0,61,93
0,62,93
0,63,92
0,64,96
0,65,95
0,66,97
0,67,94
0,68,93
0,69,94
0,70,94
0,71,93
0,72,93
0,73,94
0,74,94
0,75,94
0,76,94
0,77,93
0,78,94
0,79,93
0,80,96
0,81,94
0,82,95
0,83,96
0,84,93
0,85,94
0,86,93
0,87,93
0,88,94
0,89,94
0,90,93
0,91,94
0,92,95
0,93,93
0,94,93
0,95,94
0,96,93
0,97,95
0,98,94
0,99,94
0,100,94
0,101,94
0,102,93
0,103,94
0,104,92
0,105,94
0,106,95
0,107,95
0,108,93
0,109,95
0,110,94
0,111,95
0,112,94
0,113,93
0,114,94
0,115,94
0,116,94
0,117,94
0,118,93
0,119,94
0,120,94
0,121,94
0,122,96
0,123,94
0,124,95
0,125,94
0,126,93
0,127,94
0,128,93
0,129,93
0,130,94
0,131,94
0,132,93
0,133,92
0,134,94
0,135,92
0,136,94
0,137,93
0,138,96
0,139,93
0,140,95
0,141,95
0,142,95
0,143,95
0,144,94
0,145,93
0,146,95
0,147,95
0,148,93
0,149,93
0,150,93
0,151,97
0,152,93
0,153,93
0,154,95
0,155,94
0,156,95
0,157,95
0,158,94
0,159,93
0,160,94
0,161,94
0,162,95
0,163,94
0,164,94
0,165,94
0,166,93
0,167,94
0,168,96
0,169,94
0,170,96
0,171,95
0,172,94
0,173,93
0,174,94
0,175,94
0,176,95
0,177,94
0,178,95
0,179,94
0,180,93
0,181,93
0,182,95
0,183,93
0,184,95
0,185,94
0,186,95
0,187,95
0,188,99
0,189,94
0,190,94
0,191,94
0,192,94
0,193,93
0,194,94
0,195,93
0,196,96
0,197,92
0,198,94
0,199,93
0,200,93
0,201,93
0,202,95
0,203,94
0,204,95
0,205,94
0,206,95
0,207,95
0,208,94
0,209,95
0,210,96
0,211,94
0,212,94
0,213,93
0,214,95
0,215,96
0,216,95
0,217,94
0,218,95
0,219,95
0,220,95
0,221,94
0,222,96
0,223,94
0,224,95
0,225,94
0,226,95
0,227,94
0,228,93
0,229,93
0,230,95
0,231,95
0,232,93
0,233,94
0,234,93
0,235,97
0,236,94
0,237,93
0,238,95
0,239,94
0,240,95
0,241,94
0,242,93
0,243,94
0,244,94
0,245,96
0,246,97
0,247,96
0,248,96
0,249,96
0,250,97
0,251,97
0,252,98
0,253,96
0,254,95
0,255,95
0,256,94
0,257,94
0,258,94
0,259,93
0,260,94
0,261,94
0,262,94
0,263,94
0,264,94
0,265,94
0,266,94
0,267,95
0,268,94
0,269,96
0,270,93
0,271,95
0,272,94
0,273,94
0,274,95
0,275,94
0,276,93
0,277,95
0,278,93
0,279,94
0,280,94
0,281,93
0,282,94
0,283,95
0,284,94
0,285,93
0,286,95
0,287,96
0,288,93
0,289,95
0,290,94
0,291,94
0,292,94
0,293,93
0,294,94
0,295,94
0,296,94
0,297,96
0,298,94
0,299,95
0,300,95
0,301,94
0,302,94
0,303,95
0,304,94
0,305,94
0,306,94
0,307,94
0,308,95
0,309,94
0,310,93
0,311,94
0,312,92
0,313,95
0,314,93
0,315,95
0,316,93
0,317,94
0,318,93
0,319,93
0,320,96
0,321,94
0,322,96
0,323,95
0,324,94
0,325,94
0,326,94
0,327,96
0,328,93
0,329,94
0,330,95
0,331,95
0,332,94
0,333,94
0,334,95
0,335,94
0,336,94
0,337,94
0,338,94
0,339,96
0,340,95
0,341,95
0,342,95
0,343,93
0,344,93
0,345,94
0,346,94
0,347,95
0,348,94
0,349,95
0,350,95
0,351,94
0,352,95
0,353,95
0,354,94
0,355,95
0,356,94
0,357,94
0,358,94
0,359,96
0,360,94
0,361,93
0,362,94
0,363,95
0,364,94
0,365,95
0,366,94
0,367,93
0,368,94
0,369,93
0,370,96
0,371,96
0,372,94
0,373,93
0,374,94
0,375,94
0,376,94
0,377,95
0,378,95
0,379,95
0,380,95
0,381,94
0,382,94
0,383,95
0,384,94
0,385,93
0,386,94
0,387,93
0,388,97
0,389,95
0,390,94
0,391,94
0,392,95
0,393,92
0,394,96
0,395,95
0,396,94
0,397,94
0,398,95
0,399,95
0,400,96
0,401,93
0,402,94
0,403,94
0,404,96
0,405,93
0,406,93
0,407,96
0,408,94
0,409,95
0,410,96
0,411,94
0,412,94
0,413,94
0,414,93
0,415,94
0,416,95
0,417,96
0,418,94
0,419,94
0,420,94
0,421,93
0,422,94
0,423,94
0,424,96
0,425,93
0,426,95
0,427,95
0,428,93
0,429,93
0,430,96
0,431,94
0,432,93
0,433,93
0,434,94
0,435,95
0,436,95
0,437,93
0,438,95
0,439,94
0,440,95
0,441,94
0,442,94
0,443,93
0,444,93
0,445,94
0,446,96
0,447,96
0,448,94
0,449,95
0,450,95
0,451,96
0,452,94
0,453,93
0,454,96
0,455,96
0,456,94
0,457,95
0,458,94
0,459,92
0,460,94
0,461,93
0,462,95
0,463,95
0,464,94
0,465,95
0,466,93
0,467,93
0,468,93
0,469,95
0,470,94
0,471,95
0,472,95
0,473,95
0,474,93
0,475,94
0,476,95
0,477,94
0,478,94
0,479,95
0,480,93
0,481,96
0,482,95
0,483,94
0,484,94
0,485,94
0,486,95
0,487,94
0,488,93
0,489,94
0,490,94
0,491,95
0,492,94
0,493,95
0,494,92
0,495,94
0,496,93
0,497,94
0,498,96
0,499,94
0,500,95
0,501,94
0,502,94
0,503,95
0,504,93
0,505,94
0,506,94
0,507,97
0,508,93
0,509,95
0,510,96
0,511,95
0,512,95
0,513,96
0,514,93
0,515,93
0,516,95
0,517,94
0,518,94
0,519,93
0,520,94
0,521,96
0,522,94
0,523,94
0,524,93
0,525,97
0,526,94
0,527,95
0,528,95
0,529,95
0,530,97
0,531,94
0,532,95
0,533,93
0,534,95
0,535,95
0,536,95
0,537,93
0,538,94
0,539,96
0,540,95
0,541,93
0,542,96
0,543,96
0,544,95
0,545,94
0,546,96
0,547,94
0,548,96
0,549,93
0,550,95
0,551,94
0,552,94
0,553,95
0,554,95
0,555,94
0,556,95
0,557,95
0,558,95
0,559,96
0,560,94
0,561,94
0,562,96
0,563,95
0,564,97
0,565,95
0,566,94
0,567,95
0,568,94
0,569,95
0,570,92
0,571,95
0,572,93
0,573,92
0,574,96
0,575,93
0,576,93
0,577,94
0,578,94
0,579,94
0,580,96
0,581,94
0,582,96
0,583,94
0,584,94
0,585,93
0,586,95
0,587,96
0,588,94
0,589,95
0,590,95
0,591,95
0,592,94
0,593,97
0,594,94
0,595,96
0,596,94
0,597,94
0,598,97
0,599,95
0,600,95
0,601,94
0,602,94
0,603,95
0,604,93
0,605,94
0,606,95
0,607,95
0,608,96
0,609,94
0,610,95
0,611,94
0,612,95
0,613,95
0,614,93
0,615,95
0,616,95
0,617,96
0,618,93
0,619,94
0,620,94
0,621,95
0,622,96
0,623,95
0,624,96
0,625,95
0,626,94
0,627,94
0,628,95
0,629,93
0,630,95
0,631,94
0,632,94
0,633,94
0,634,96
0,635,94
0,636,94
0,637,93
0,638,94
0,639,95
0,640,94
0,641,95
0,642,94
0,643,94
0,644,95
0,645,95
0,646,96
0,647,95
0,648,94
0,649,95
0,650,95
0,651,93
0,652,94
0,653,94
0,654,96
0,655,94
0,656,94
0,657,94
0,658,95
0,659,94
0,660,94
0,661,94
0,662,93
0,663,95
0,664,94
0,665,93
0,666,95
0,667,95
0,668,95
0,669,95
0,670,95
0,671,95
0,672,93
0,673,94
0,674,94
0,675,94
0,676,94
0,677,94
0,678,94
0,679,96
0,680,94
0,681,94
0,682,95
0,683,94
0,684,94
0,685,94
0,686,94
0,687,95
0,688,95
0,689,94
0,690,95
0,691,94
0,692,93
0,693,95
0,694,94
0,695,95
0,696,94
0,697,96
0,698,95
0,699,95
0,700,93
0,701,94
0,702,95
0,703,95
0,704,94
0,705,93
0,706,94
0,707,94
0,708,94
0,709,95
0,710,95
0,711,94
0,712,93
0,713,95
0,714,95
0,715,94
0,716,96
0,717,94
0,718,95
0,719,94
0,720,95
0,721,94
0,722,94
0,723,95
0,724,94
0,725,94
0,726,96
0,727,94
0,728,94
0,729,95
0,730,94
0,731,95
0,732,95
0,733,93
0,734,94
0,735,94
0,736,94
0,737,93
0,738,94
0,739,95
0,740,93
0,741,94
0,742,94
0,743,95
0,744,95
0,745,93
0,746,95
0,747,96
0,748,94
0,749,94
0,750,95
0,751,93
0,752,96
0,753,94
0,754,94
0,755,94
0,756,94
0,757,96
0,758,94
0,759,94
0,760,94
0,761,94
0,762,94
0,763,94
0,764,95
0,765,97
0,766,94
0,767,95
0,768,93
0,769,94
0,770,94
0,771,94
0,772,93
0,773,94
0,774,94
0,775,95
0,776,93
0,777,92
0,778,93
0,779,95
0,780,94
0,781,93
0,782,95
0,783,96
0,784,93
0,785,94
0,786,93
0,787,94
0,788,95
0,789,94
0,790,95
0,791,94
0,792,91
0,793,95
0,794,94
0,795,94
0,796,94
0,797,93
0,798,93
0,799,94
0,800,95
0,801,94
0,802,95
0,803,96
0,804,94
0,805,94
0,806,94
0,807,93
0,808,95
0,809,95
0,810,93
0,811,94
0,812,95
0,813,94
0,814,95
0,815,95
0,816,94
0,817,94
0,818,94
0,819,95
0,820,91
0,821,93
0,822,94
0,823,95
0,824,93
0,825,95
0,826,94
0,827,93
0,828,93
0,829,94
0,830,93
0,831,96
0,832,95
0,833,94
0,834,92
0,835,96
0,836,94
0,837,93
0,838,93
0,839,95
0,840,93
0,841,94
0,842,94
0,843,95
0,844,94
0,845,93
0,846,94
0,847,95
0,848,93
0,849,94
0,850,93
0,851,93
0,852,94
0,853,94
0,854,94
0,855,95
0,856,93
0,857,93
0,858,93
0,859,94
0,860,94
0,861,94
0,862,95
0,863,96
0,864,96
0,865,94
0,866,95
0,867,94
0,868,95
0,869,93
0,870,94
0,871,95
0,872,93
0,873,94
0,874,93
0,875,95
0,876,96
0,877,95
0,878,95
0,879,94
0,880,94
0,881,92
0,882,95
0,883,94
0,884,93
0,885,94
0,886,95
0,887,94
0,888,94
0,889,92
0,890,95
0,891,93
0,892,94
0,893,93
0,894,93
0,895,94
0,896,93
0,897,95
0,898,92
0,899,95
0,900,94
0,901,95
0,902,95
0,903,96
0,904,92
0,905,93
0,906,95
0,907,94
0,908,93
0,909,94
0,910,94
0,911,94
0,912,95
0,913,93
0,914,94
0,915,93
0,916,93
0,917,95
0,918,95
0,919,94
0,920,94
0,921,94
0,922,96
0,923,94
0,924,96
0,925,93
0,926,94
0,927,97
0,928,94
0,929,94
0,930,96
0,931,93
0,932,94
0,933,94
0,934,93
0,935,94
0,936,95
0,937,94
0,938,94
0,939,96
0,940,93
0,941,94
0,942,93
0,943,93
0,944,93
0,945,95
0,946,94
0,947,94
0,948,94
0,949,92
0,950,94
0,951,94
0,952,94
0,953,94
0,954,94
0,955,93
0,956,95
0,957,94
0,958,95
0,959,95
0,960,96
0,961,94
0,962,93
0,963,95
0,964,93
0,965,94
0,966,96
0,967,94
0,968,93
0,969,95
0,970,94
0,971,96
0,972,93
0,973,93
0,974,93
0,975,96
0,976,93
0,977,93
0,978,93
0,979,94
0,980,94
0,981,94
0,982,94
0,983,95
0,984,94
0,985,94
0,986,93
0,987,94
0,988,94
0,989,94
0,990,94
0,991,94
0,992,95
0,993,93
0,994,94
0,995,94
0,996,93
0,997,94
0,998,93
0,999,94
0,1000,94
0,1001,94
0,1002,94
0,1003,96
0,1004,95
0,1005,94
0,1006,94
0,1007,94
0,1008,94
0,1009,93
0,1010,94
0,1011,94
0,1012,94
0,1013,92
0,1014,93
0,1015,93
0,1016,94
0,1017,93
0,1018,96
0,1019,93
0,1020,94
0,1021,93
0,1022,94
0,1023,93
1,0,94
1,1,95
1,2,95
1,3,94
1,4,93
1,5,95
1,6,94
1,7,94
1,8,93
1,9,94
1,10,95
1,11,95
1,12,94
1,13,95
1,14,94
1,15,94
1,16,94
1,17,92
1,18,94
1,19,94
1,20,93
1,21,95
1,22,95
1,23,93
1,24,95
1,25,93
1,26,93
1,27,94
1,28,95
1,29,96
1,30,93
1,31,94
1,32,95
1,33,93
1,34,94
1,35,94
1,36,94
1,37,93
1,38,95
1,39,94
1,40,92
1,41,95
1,42,96
1,43,95
1,44,94
1,45,94
1,46,93
1,47,94
1,48,93
1,49,94
1,50,93
1,51,91
1,52,92
1,53,93
1,54,94
1,55,95
1,56,95
1,57,92
1,58,95
1,59,92
1,60,94
1,61,94
1,62,92
1,63,94
1,64,94
1,65,94
1,66,96
1,67,94
1,68,95
1,69,95
1,70,94
1,71,94
1,72,94
1,73,94
1,74,95
1,75,94
1,76,93
1,77,92
1,78,93
1,79,94
1,80,96
1,81,93
1,82,93
1,83,94
1,84,93
1,85,93
1,86,93
1,87,96
1,88,93
1,89,94
1,90,94
1,91,94
1,92,92
1,93,96
1,94,92
1,95,95
1,96,95
1,97,94
1,98,93
1,99,93
1,100,93
1,101,93
1,102,95
1,103,94
1,104,94
1,105,92
1,106,93
1,107,92
1,108,97
1,109,93
1,110,93
1,111,95
1,112,94
1,113,93
1,114,94
1,115,93
1,116,92
1,117,93
1,118,94
1,119,94
1,120,94
1,121,97
1,122,96
1,123,95
1,124,94
1,125,95
1,126,94
1,127,94
1,128,94
1,129,94
1,130,94
1,131,93
1,132,92
1,133,96
1,134,95
1,135,94
1,136,94
1,137,92
1,138,94
1,139,93
1,140,95
1,141,93
1,142,94
1,143,95
1,144,94
1,145,93
1,146,95
1,147,94
1,148,93
1,149,94
1,150,94
1,151,95
1,152,94
1,153,93
1,154,94
1,155,95
1,156,94
1,157,94
1,158,94
1,159,94
1,160,94
1,161,93
1,162,95
1,163,94
1,164,94
1,165,94
1,166,94
1,167,96
1,168,93
1,169,93
1,170,93
1,171,95
1,172,93
1,173,95
1,174,94
1,175,94
1,176,93
1,177,94
1,178,93
1,179,94
1,180,94
1,181,93
1,182,92
1,183,94
1,184,93
1,185,94
1,186,94
1,187,95
1,188,96
1,189,95
1,190,95
1,191,93
1,192,94
1,193,93
1,194,93
1,195,96
1,196,94
1,197,93
1,198,93
1,199,95
1,200,97
1,201,93
1,202,94
1,203,96
1,204,92
1,205,96
1,206,94
1,207,93
1,208,95
1,209,94
1,210,94
1,211,94
1,212,94
1,213,92
1,214,93
1,215,94
1,216,94
1,217,93
1,218,95
1,219,94
1,220,94
1,221,93
1,222,94
1,223,93
1,224,94
1,225,94
1,226,93
1,227,93
1,228,94
1,229,93
1,230,94
1,231,95
1,232,94
1,233,94
1,234,93
1,235,95
1,236,95
1,237,92
1,238,94
1,239,93
1,240,94
1,241,93
1,242,96
1,243,96
1,244,94
1,245,93
1,246,94
1,247,95
1,248,94
1,249,95
1,250,97
1,251,98
1,252,96
1,253,95
1,254,95
1,255,96
1,256,94
1,257,94
1,258,96
1,259,94
1,260,93
1,261,93
1,262,95
1,263,96
1,264,93
1,265,96
1,266,94
1,267,94
1,268,94
1,269,95
1,270,95
1,271,94
1,272,93
1,273,95
1,274,95
1,275,94
1,276,93
1,277,96
1,278,94
1,279,94
1,280,93
1,281,94
1,282,94
1,283,95
1,284,94
1,285,94
1,286,93
1,287,94
1,288,94
1,289,95
1,290,95
1,291,95
1,292,94
1,293,94
1,294,93
1,295,94
1,296,93
1,297,95
1,298,95
1,299,95
1,300,94
1,301,95
1,302,94
1,303,95
1,304,94
1,305,96
1,306,97
1,307,93
1,308,94
1,309,95
1,310,94
1,311,95
1,312,95
1,313,94
1,314,93
1,315,92
1,316,94
1,317,94
1,318,94
1,319,94
1,320,96
1,321,94
1,322,94
1,323,95
1,324,93
1,325,94
1,326,94
1,327,95
1,328,94
1,329,96
1,330,94
1,331,94
1,332,94
1,333,94
1,334,95
1,335,95
1,336,94
1,337,94
1,338,95
1,339,95
1,340,94
1,341,94
1,342,93
1,343,96
1,344,93
1,345,94
1,346,94
1,347,96
1,348,95
1,349,93
1,350,93
1,351,96
1,352,96
1,353,95
1,354,95
1,355,95
1,356,96
1,357,95
1,358,95
1,359,96
1,360,96
1,361,94
1,362,97
1,363,95
1,364,94
1,365,96
1,366,96
1,367,94
1,368,93
1,369,95
1,370,94
1,371,95
1,372,94
1,373,94
1,374,94
1,375,95
1,376,96
1,377,94
1,378,95
1,379,95
1,380,93
1,381,93
1,382,94
1,383,96
1,384,93
1,385,95
1,386,96
1,387,95
1,388,95
1,389,94
1,390,96
1,391,93
1,392,94
1,393,94
1,394,94
1,395,95
1,396,95
1,397,96
1,398,94
1,399,94
1,400,93
1,401,95
1,402,94
1,403,94
1,404,94
1,405,96
1,406,93
1,407,94
1,408,95
1,409,94
1,410,93
1,411,94
1,412,94
1,413,94
1,414,95
1,415,96
1,416,96
1,417,95
1,418,95
1,419,94
1,420,95
1,421,97
1,422,96
1,423,93
1,424,94
1,425,97
1,426,93
1,427,95
1,428,95
1,429,95
1,430,94
1,431,94
1,432,93
1,433,95
1,434,94
1,435,94
1,436,94
1,437,95
1,438,97
1,439,94
1,440,94
1,441,93
1,442,95
1,443,95
1,444,94
1,445,95
1,446,94
1,447,95
1,448,94
1,449,94
1,450,96
1,451,95
1,452,94
1,453,94
1,454,94
1,455,95
1,456,94
1,457,94
1,458,94
1,459,96
1,460,96
1,461,94
1,462,96
1,463,94
1,464,95
1,465,95
1,466,94
1,467,96
1,468,95
1,469,95
1,470,94
1,471,95
1,472,94
1,473,93
1,474,94
1,475,94
1,476,93
1,477,94
1,478,94
1,479,95
1,480,93
1,481,94
1,482,94
1,483,94
1,484,94
1,485,94
1,486,94
1,487,94
1,488,96
1,489,95
1,490,94
1,491,95
1,492,93
1,493,94
1,494,95
1,495,95
1,496,96
1,497,94
1,498,94
1,499,96
1,500,94
1,501,92
1,502,95
1,503,95
1,504,93
1,505,96
1,506,91
1,507,97
1,508,96
1,509,95
1,510,94
1,511,94
1,512,93
1,513,94
1,514,94
1,515,95
1,516,94
1,517,96
1,518,97
1,519,95
1,520,94
1,521,96
1,522,94
1,523,96
1,524,94
1,525,95
1,526,95
1,527,95
1,528,96
1,529,94
1,530,94
1,531,94
1,532,95
1,533,93
1,534,93
1,535,94
1,536,94
1,537,95
1,538,93
1,539,96
1,540,95
1,541,95
1,542,93
1,543,93
1,544,96
1,545,95
1,546,94
1,547,95
1,548,96
1,549,95
1,550,94
1,551,93
1,552,96
1,553,95
1,554,95
1,555,93
1,556,94
1,557,92
1,558,96
1,559,93
1,560,95
1,561,97
1,562,96
1,563,96
1,564,96
1,565,94
1,566,96
1,567,94
1,568,93
1,569,95
1,570,95
1,571,95
1,572,95
1,573,94
1,574,95
1,575,94
1,576,93
1,577,94
1,578,94
1,579,96
1,580,96
1,581,93
1,582,94
1,583,93
1,584,94
1,585,94
1,586,95
1,587,95
1,588,95
1,589,95
1,590,96
1,591,96
1,592,94
1,593,95
1,594,94
1,595,95
1,596,93
1,597,94
1,598,95
1,599,96
1,600,94
1,601,96
1,602,94
1,603,96
1,604,95
1,605,96
1,606,94
1,607,95
1,608,94
1,609,94
1,610,96
1,611,96
1,612,95
1,613,95
1,614,95
1,615,94
1,616,96
1,617,95
1,618,94
1,619,94
1,620,95
1,621,95
1,622,94
1,623,93
1,624,92
1,625,95
1,626,95
1,627,94
1,628,94
1,629,94
1,630,97
1,631,96
1,632,95
1,633,96
1,634,95
1,635,94
1,636,95
1,637,95
1,638,96
1,639,95
1,640,93
1,641,93
1,642,94
1,643,94
1,644,94
1,645,96
1,646,93
1,647,94
1,648,96
1,649,94
1,650,96
1,651,96
1,652,94
1,653,94
1,654,95
1,655,95
1,656,92
1,657,94
1,658,95
1,659,92
1,660,94
1,661,95
1,662,96
1,663,96
1,664,94
1,665,95
1,666,93
1,667,94
1,668,96
1,669,94
1,670,93
1,671,95
1,672,94
1,673,94
1,674,96
1,675,95
1,676,96
1,677,94
1,678,96
1,679,96
1,680,95
1,681,93
1,682,93
1,683,95
1,684,94
1,685,94
1,686,95
1,687,95
1,688,96
1,689,95
1,690,94
1,691,96
1,692,94
1,693,95
1,694,96
1,695,95
1,696,95
1,697,93
1,698,95
1,699,97
1,700,94
1,701,95
1,702,94
1,703,94
1,704,94
1,705,94
1,706,95
1,707,92
1,708,94
1,709,93
1,710,94
1,711,94
1,712,94
1,713,94
1,714,96
1,715,96
1,716,95
1,717,94
1,718,94
1,719,96
1,720,94
1,721,95
1,722,93
1,723,95
1,724,93
1,725,93
1,726,95
1,727,96
1,728,94
1,729,93
1,730,94
1,731,96
1,732,96
1,733,94
1,734,95
1,735,94
1,736,94
1,737,95
1,738,94
1,739,94
1,740,94
1,741,95
1,742,94
1,743,95
1,744,94
1,745,94
1,746,93
1,747,94
1,748,94
1,749,94
1,750,94
1,751,96
1,752,94
1,753,94
1,754,92
1,755,94
1,756,93
1,757,93
1,758,94
1,759,95
1,760,92
1,761,94
1,762,94
1,763,95
1,764,95
1,765,95
1,766,95
1,767,94
1,768,95
1,769,93
1,770,93
1,771,93
1,772,95
1,773,96
1,774,94
1,775,97
1,776,93
1,777,93
1,778,96
1,779,95
1,780,94
1,781,94
1,782,94
1,783,95
1,784,93
1,785,95
1,786,96
1,787,94
1,788,93
1,789,93
1,790,95
1,791,96
1,792,94
1,793,95
1,794,95
1,795,94
1,796,94
1,797,94
1,798,94
1,799,94
1,800,96
1,801,94
1,802,95
1,803,94
1,804,94
1,805,94
1,806,93
1,807,93
1,808,93
1,809,93
1,810,95
1,811,96
1,812,95
1,813,94
1,814,94
1,815,93
1,816,96
1,817,94
1,818,94
1,819,94
1,820,93
1,821,94
1,822,94
1,823,95
1,824,93
1,825,93
1,826,93
1,827,95
1,828,95
1,829,95
1,830,93
1,831,95
1,832,93
1,833,94
1,834,93
1,835,93
1,836,96
1,837,93
1,838,95
1,839,93
1,840,94
1,841,93
1,842,94
1,843,95
1,844,95
1,845,94
1,846,95
1,847,96
1,848,93
1,849,95
1,850,94
1,851,95
1,852,94
1,853,94
1,854,95
1,855,93
1,856,94
1,857,94
1,858,94
1,859,94
1,860,94
1,861,93
1,862,94
1,863,94
1,864,94
1,865,92
1,866,94
1,867,94
1,868,95
1,869,94
1,870,94
1,871,94
1,872,95
1,873,93
1,874,94
1,875,95
1,876,94
1,877,94
1,878,93
1,879,96
1,880,94
1,881,94
1,882,94
1,883,93
1,884,93
1,885,92
1,886,94
1,887,96
1,888,94
1,889,95
1,890,94
1,891,94
1,892,95
1,893,94
1,894,96
1,895,93
1,896,95
1,897,95
1,898,95
1,899,95
1,900,94
1,901,94
1,902,93
1,903,95
1,904,93
1,905,94
1,906,94
1,907,94
1,908,96
1,909,93
1,910,93
1,911,94
1,912,93
1,913,94
1,914,96
1,915,94
1,916,95
1,917,94
1,918,95
1,919,94
1,920,95
1,921,94
1,922,95
1,923,94
1,924,94
1,925,93
1,926,93
1,927,94
1,928,94
1,929,93
1,930,95
1,931,94
1,932,95
1,933,95
1,934,94
1,935,94
1,936,94
1,937,96
1,938,94
1,939,96
1,940,93
1,941,92
1,942,94
1,943,96
1,944,94
1,945,94
1,946,94
1,947,95
1,948,95
1,949,95
1,950,93
1,951,94
1,952,94
1,953,94
1,954,94
1,955,93
1,956,95
1,957,94
1,958,95
1,959,95
1,960,94
1,961,93
1,962,95
1,963,93
1,964,94
1,965,95
1,966,94
1,967,94
1,968,93
1,969,93
1,970,94
1,971,96
1,972,94
1,973,94
1,974,94
1,975,95
1,976,93
1,977,93
1,978,94
1,979,94
1,980,94
1,981,93
1,982,93
1,983,93
1,984,92
1,985,94
1,986,95
1,987,93
1,988,92
1,989,94
1,990,93
1,991,94
1,992,94
1,993,93
1,994,92
1,995,94
1,996,96
1,997,92
1,998,93
1,999,94
1,1000,93
1,1001,94
1,1002,94
1,1003,93
1,1004,94
1,1005,93
1,1006,95
1,1007,94
1,1008,95
1,1009,93
1,1010,93
1,1011,93
1,1012,93
1,1013,93
1,1014,94
1,1015,94
1,1016,93
1,1017,93
1,1018,94
1,1019,93
1,1020,94
1,1021,94
1,1022,95
1,1023,93
2,0,94
2,1,93
2,2,96
2,3,95
2,4,94
2,5,94
2,6,94
2,7,95
2,8,93
2,9,94
2,10,94
2,11,95
2,12,93
2,13,94
2,14,94
2,15,95
2,16,94
2,17,94
2,18,95
2,19,93
2,20,94
2,21,91
2,22,93
2,23,94
2,24,94
2,25,95
2,26,95
2,27,94
2,28,94
2,29,95
2,30,93
2,31,94
2,32,94
2,33,92
2,34,92
2,35,92
2,36,94
2,37,96
2,38,95
2,39,95
2,40,95
2,41,92
2,42,95
2,43,93
2,44,94
2,45,95
2,46,96
2,47,95
2,48,93
2,49,94
2,50,93
2,51,94
2,52,93
2,53,93
2,54,94
2,55,95
2,56,93
2,57,94
2,58,94
2,59,94
2,60,93
2,61,92
2,62,93
2,63,94
2,64,94
2,65,94
2,66,96
2,67,94
2,68,94
2,69,93
2,70,94
2,71,95
2,72,93
2,73,93
2,74,95
2,75,96
2,76,94
2,77,93
2,78,94
2,79,94
2,80,96
2,81,94
2,82,95
2,83,94
2,84,93
2,85,93
2,86,95
2,87,94
2,88,93
2,89,94
2,90,94
2,91,95
2,92,94
2,93,94
2,94,94
2,95,93
2,96,93
2,97,94
2,98,93
2,99,93
2,100,94
2,101,94
2,102,94
2,103,95
2,104,94
2,105,95
2,106,94
2,107,94
2,108,92
2,109,93
2,110,96
2,111,94
2,112,94
2,113,95
2,114,93
2,115,94
2,116,92
2,117,94
2,118,95
2,119,93
2,120,94
2,121,95
2,122,96
2,123,94
2,124,93
2,125,94
2,126,93
2,127,95
2,128,93
2,129,93
2,130,94
2,131,94
2,132,94
2,133,94
2,134,94
2,135,95
2,136,95
2,137,94
2,138,93
2,139,95
2,140,93
2,141,93
2,142,94
2,143,94
2,144,94
2,145,93
2,146,93
2,147,95
2,148,95
2,149,94
2,150,94
2,151,93
2,152,94
2,153,94
2,154,92
2,155,94
2,156,95
2,157,95
2,158,94
2,159,95
2,160,94
2,161,94
2,162,95
2,163,95
2,164,95
2,165,94
2,166,93
2,167,94
2,168,93
2,169,94
2,170,94
2,171,95
2,172,93
2,173,95
2,174,95
2,175,94
2,176,95
2,177,93
2,178,94
2,179,94
2,180,92
2,181,93
2,182,94
2,183,94
2,184,93
2,185,93
2,186,95
2,187,96
2,188,97
2,189,96
2,190,96
2,191,94
2,192,94
2,193,96
2,194,94
2,195,96
2,196,94
2,197,94
2,198,94
2,199,93
2,200,94
2,201,93
2,202,94
2,203,94
2,204,94
2,205,95
2,206,95
2,207,94
2,208,94
2,209,93
2,210,95
2,211,94
2,212,97
2,213,94
2,214,94
2,215,94
2,216,93
2,217,93
2,218,94
2,219,95
2,220,94
2,221,95
2,222,94
2,223,94
2,224,96
2,225,94
2,226,95
2,227,95
2,228,92
2,229,94
2,230,95
2,231,96
2,232,94
2,233,94
2,234,93
2,235,94
2,236,94
2,237,94
2,238,93
2,239,93
2,240,95
2,241,94
2,242,94
2,243,94
2,244,95
2,245,94
2,246,94
2,247,95
2,248,98
2,249,95
2,250,96
2,251,97
2,252,98
2,253,96
2,254,96
2,255,96
2,256,94
2,257,94
2,258,93
2,259,95
2,260,93
2,261,93
2,262,94
2,263,94
2,264,92
2,265,94
2,266,95
2,267,96
2,268,94
2,269,96
2,270,95
2,271,94
2,272,94
2,273,92
2,274,93
2,275,93
2,276,94
2,277,95
2,278,95
2,279,97
2,280,93
2,281,93
2,282,96
2,283,94
2,284,95
2,285,95
2,286,95
2,287,96
2,288,95
2,289,96
2,290,93
2,291,93
2,292,93
2,293,94
2,294,93
2,295,93
2,296,94
2,297,94
2,298,93
2,299,96
2,300,95
2,301,94
2,302,94
2,303,96
2,304,94
2,305,94
2,306,96
2,307,94
2,308,95
2,309,96
2,310,92
2,311,95
2,312,94
2,313,94
2,314,93
2,315,94
2,316,94
2,317,94
2,318,96
2,319,95
2,320,96
2,321,92
2,322,94
2,323,93
2,324,94
2,325,93
2,326,95
2,327,96
2,328,95
2,329,93
2,330,94
2,331,96
2,332,95
2,333,93
2,334,94
2,335,94
2,336,94
2,337,93
2,338,93
2,339,96
2,340,95
2,341,95
2,342,95
2,343,95
2,344,95
2,345,94
2,346,93
2,347,96
2,348,98
2,349,94
2,350,93
2,351,94
2,352,94
2,353,95
2,354,95
2,355,94
2,356,96
2,357,94
2,358,95
2,359,95
2,360,94
2,361,94
2,362,94
2,363,94
2,364,94
2,365,94
2,366,94
2,367,96
2,368,95
2,369,96
2,370,94
2,371,95
2,372,96
2,373,95
2,374,96
2,375,95
2,376,95
2,377,93
2,378,94
2,379,94
2,380,94
2,381,93
2,382,93
2,383,96
2,384,93
2,385,96
2,386,94
2,387,94
2,388,95
2,389,95
2,390,93
2,391,94
2,392,96
2,393,96
2,394,95
2,395,94
2,396,94
2,397,93
2,398,94
2,399,95
2,400,95
2,401,96
2,402,94
2,403,95
2,404,93
2,405,95
2,406,95
2,407,95
2,408,93
2,409,95
2,410,96
2,411,95
2,412,94
2,413,94
2,414,96
2,415,96
2,416,95
2,417,95
2,418,94
2,419,95
2,420,94
2,421,97
2,422,94
2,423,96
2,424,95
2,425,94
2,426,95
2,427,95
2,428,95
2,429,93
2,430,96
2,431,94
2,432,94
2,433,94
2,434,94
2,435,93
2,436,96
2,437,94
2,438,93
2,439,95
2,440,95
2,441,94
2,442,95
2,443,95
2,444,94
2,445,95
2,446,95
2,447,94
2,448,94
2,449,94
2,450,94
2,451,93
2,452,93
2,453,94
2,454,95
2,455,93
2,456,94
2,457,94
2,458,95
2,459,95
2,460,94
2,461,93
2,462,94
2,463,93
2,464,94
2,465,95
2,466,95
2,467,93
2,468,93
2,469,93
2,470,94
2,471,94
2,472,94
2,473,95
2,474,94
2,475,94
2,476,96
2,477,94
2,478,95
2,479,93
2,480,94
2,481,94
2,482,95
2,483,95
2,484,93
2,485,95
2,486,94
2,487,93
2,488,95
2,489,93
2,490,94
2,491,94
2,492,93
2,493,93
2,494,95
2,495,95
2,496,96
2,497,96
2,498,94
2,499,95
2,500,94
2,501,93
2,502,94
2,503,96
2,504,95
2,505,96
2,506,94
2,507,97
2,508,94
2,509,96
2,510,97
2,511,95
2,512,95
2,513,94
2,514,94
2,515,94
2,516,95
2,517,95
2,518,95
2,519,95
2,520,94
2,521,97
2,522,96
2,523,94
2,524,95
2,525,95
2,526,94
2,527,96
2,528,94
2,529,94
2,530,95
2,531,95
2,532,96
2,533,93
2,534,95
2,535,95
2,536,94
2,537,94
2,538,95
2,539,94
2,540,96
2,541,94
2,542,94
2,543,97
2,544,94
2,545,96
2,546,94
2,547,94
2,548,94
2,549,94
2,550,95
2,551,94
2,552,93
2,553,94
2,554,96
2,555,95
2,556,94
2,557,94
2,558,95
2,559,94
2,560,94
2,561,96
2,562,96
2,563,96
2,564,95
2,565,94
2,566,94
2,567,94
2,568,94
2,569,93
2,570,95
2,571,96
2,572,96
2,573,97
2,574,96
2,575,94
2,576,94
2,577,93
2,578,93
2,579,96
2,580,96
2,581,96
2,582,96
2,583,97
2,584,94
2,585,95
2,586,95
2,587,95
2,588,95
2,589,94
2,590,96
2,591,96
2,592,95
2,593,93
2,594,95
2,595,95
2,596,96
2,597,95
2,598,95
2,599,95
2,600,94
2,601,94
2,602,94
2,603,94
2,604,94
2,605,94
2,606,94
2,607,95
2,608,94
2,609,94
2,610,94
2,611,95
2,612,95
2,613,94
2,614,94
2,615,94
2,616,94
2,617,94
2,618,94
2,619,95
2,620,93
2,621,95
2,622,96
2,623,95
2,624,93
2,625,93
2,626,94
2,627,95
2,628,93
2,629,95
2,630,94
2,631,94
2,632,96
2,633,94
2,634,96
2,635,96
2,636,94
2,637,94
2,638,93
2,639,95
2,640,95
2,641,94
2,642,95
2,643,94
2,644,93
2,645,95
2,646,95
2,647,94
2,648,93
2,649,93
2,650,94
2,651,96
2,652,96
2,653,95
2,654,94
2,655,94
2,656,94
2,657,94
2,658,94
2,659,95
2,660,95
2,661,96
2,662,95
2,663,96
2,664,94
2,665,94
2,666,94
2,667,93
2,668,95
2,669,94
2,670,95
2,671,94
2,672,94
2,673,93
2,674,95
2,675,96
2,676,94
2,677,92
2,678,96
2,679,94
2,680,94
2,681,96
2,682,95
2,683,94
2,684,95
2,685,94
2,686,94
2,687,93
2,688,95
2,689,95
2,690,96
2,691,95
2,692,94
2,693,94
2,694,94
2,695,94
2,696,93
2,697,96
2,698,96
2,699,94
2,700,93
2,701,94
2,702,95
2,703,94
2,704,95
2,705,92
2,706,93
2,707,93
2,708,94
2,709,95
2,710,94
2,711,95
2,712,95
2,713,95
2,714,95
2,715,94
2,716,93
2,717,94
2,718,95
2,719,93
2,720,94
2,721,94
2,722,95
2,723,95
2,724,95
2,725,96
2,726,93
2,727,95
2,728,95
2,729,92
2,730,95
2,731,95
2,732,93
2,733,95
2,734,94
2,735,94
2,736,93
2,737,95
2,738,95
2,739,93
2,740,94
2,741,94
2,742,95
2,743,94
2,744,94
2,745,94
2,746,95
2,747,93
2,748,94
2,749,93
2,750,95
2,751,94
2,752,95
2,753,93
2,754,93
2,755,94
2,756,94
2,757,96
2,758,95
2,759,93
2,760,93
2,761,95
2,762,96
2,763,94
2,764,94
2,765,96
2,766,96
2,767,92
2,768,94
2,769,94
2,770,94
2,771,93
2,772,94
2,773,93
2,774,96
2,775,97
2,776,96
2,777,94
2,778,94
2,779,96
2,780,94
2,781,94
2,782,94
2,783,94
2,784,94
2,785,93
2,786,95
2,787,95
2,788,94
2,789,94
2,790,94
2,791,95
2,792,96
2,793,93
2,794,95
2,795,95
2,796,93
2,797,95
2,798,95
2,799,96
2,800,93
2,801,93
2,802,96
2,803,95
2,804,95
2,805,95
2,806,94
2,807,97
2,808,93
2,809,94
2,810,94
2,811,95
2,812,94
2,813,94
2,814,94
2,815,96
2,816,95
2,817,94
2,818,94
2,819,94
2,820,96
2,821,94
2,822,95
2,823,95
2,824,94
2,825,93
2,826,95
2,827,94
2,828,93
2,829,92
2,830,95
2,831,94
2,832,96
2,833,92
2,834,92
2,835,93
2,836,93
2,837,95
2,838,95
2,839,94
2,840,94
2,841,94
2,842,93
2,843,93
2,844,95
2,845,94
2,846,94
2,847,95
2,848,94
2,849,94
2,850,94
2,851,94
2,852,95
2,853,96
2,854,95
2,855,94
2,856,94
2,857,94
2,858,94
2,859,96
2,860,93
2,861,94
2,862,93
2,863,95
2,864,94
2,865,94
2,866,94
2,867,94
2,868,93
2,869,94
2,870,93
2,871,95
2,872,94
2,873,93
2,874,94
2,875,93
2,876,94
2,877,94
2,878,95
2,879,94
2,880,94
2,881,95
2,882,96
2,883,95
2,884,93
2,885,95
2,886,95
2,887,93
2,888,94
2,889,93
2,890,94
2,891,94
2,892,95
2,893,94
2,894,96
2,895,94
2,896,95
2,897,95
2,898,95
2,899,93
2,900,94
2,901,94
2,902,95
2,903,94
2,904,95
2,905,95
2,906,94
2,907,95
2,908,94
2,909,94
2,910,95
2,911,94
2,912,94
2,913,94
2,914,94
2,915,94
2,916,94
2,917,93
2,918,95
2,919,93
2,920,94
2,921,94
2,922,96
2,923,95
2,924,96
2,925,93
2,926,94
2,927,95
2,928,93
2,929,94
2,930,95
2,931,94
2,932,93
2,933,93
2,934,94
2,935,94
2,936,94
2,937,94
2,938,94
2,939,96
2,940,93
2,941,93
2,942,94
2,943,94
2,944,93
2,945,94
2,946,94
2,947,96
2,948,94
2,949,92
2,950,92
2,951,96
2,952,93
2,953,94
2,954,96
2,955,95
2,956,94
2,957,95
2,958,94
2,959,94
2,960,93
2,961,94
2,962,95
2,963,94
2,964,94
2,965,93
2,966,94
2,967,93
2,968,94
2,969,96
2,970,93
2,971,96
2,972,93
2,973,93
2,974,93
2,975,96
2,976,95
2,977,93
2,978,93
2,979,93
2,980,94
2,981,96
2,982,93
2,983,96
2,984,94
2,985,93
2,986,94
2,987,93
2,988,92
2,989,95
2,990,93
2,991,94
2,992,94
2,993,96
2,994,94
2,995,94
2,996,96
2,997,94
2,998,94
2,999,94
2,1000,93
2,1001,94
2,1002,94
2,1003,94
2,1004,93
2,1005,92
2,1006,94
2,1007,95
2,1008,94
2,1009,94
2,1010,92
2,1011,96
2,1012,95
2,1013,94
2,1014,95
2,1015,95
2,1016,94
2,1017,93
2,1018,95
2,1019,94
2,1020,92
2,1021,94
2,1022,94
2,1023,93
3,0,94
3,1,93
3,2,95
3,3,94
3,4,94
3,5,94
3,6,93
3,7,94
3,8,95
3,9,96
3,10,94
3,11,94
3,12,92
3,13,93
3,14,96
3,15,94
3,16,92
3,17,94
3,18,93
3,19,94
3,20,92
3,21,92
3,22,92
3,23,93
3,24,96
3,25,95
3,26,95
3,27,97
3,28,94
3,29,95
3,30,95
3,31,94
3,32,95
3,33,95
3,34,95
3,35,94
3,36,94
3,37,93
3,38,94
3,39,94
3,40,94
3,41,94
3,42,93
3,43,94
3,44,94
3,45,92
3,46,96
3,47,93
3,48,95
3,49,94
3,50,92
3,51,94
3,52,94
3,53,93
3,54,93
3,55,94
3,56,93
3,57,93
3,58,92
3,59,93
3,60,94
3,61,94
3,62,95
3,63,92
3,64,93
3,65,95
3,66,96
3,67,95
3,68,94
3,69,94
3,70,95
3,71,94
3,72,95
3,73,94
3,74,94
3,75,94
3,76,95
3,77,93
3,78,94
3,79,94
3,80,95
3,81,94
3,82,93
3,83,95
3,84,94
3,85,94
3,86,94
3,87,92
3,88,94
3,89,94
3,90,94
3,91,94
3,92,94
3,93,93
3,94,93
3,95,95
3,96,93
3,97,95
3,98,94
3,99,94
3,100,94
3,101,94
3,102,96
3,103,95
3,104,94
3,105,94
3,106,93
3,107,94
3,108,92
3,109,95
3,110,94
3,111,93
3,112,94
3,113,93
3,114,94
3,115,94
3,116,94
3,117,93
3,118,94
3,119,94
3,120,95
3,121,95
3,122,97
3,123,93
3,124,93
3,125,95
3,126,92
3,127,94
3,128,95
3,129,94
3,130,93
3,131,94
3,132,94
3,133,94
3,134,95
3,135,95
3,136,94
3,137,95
3,138,95
3,139,94
3,140,94
3,141,94
3,142,93
3,143,92
3,144,94
3,145,93
3,146,94
3,147,95
3,148,94
3,149,93
3,150,95
3,151,92
3,152,95
3,153,93
3,154,95
3,155,94
3,156,93
3,157,95
3,158,94
3,159,93
3,160,94
3,161,94
3,162,94
3,163,96
3,164,94
3,165,96
3,166,95
3,167,94
3,168,93
3,169,94
3,170,95
3,171,93
3,172,93
3,173,94
3,174,95
3,175,96
3,176,94
3,177,96
3,178,95
3,179,96
3,180,94
3,181,94
3,182,92
3,183,95
3,184,95
3,185,94
3,186,94
3,187,95
3,188,97
3,189,94
3,190,94
3,191,94
3,192,95
3,193,94
3,194,95
3,195,95
3,196,93
3,197,92
3,198,94
3,199,95
3,200,95
3,201,93
3,202,92
3,203,94
3,204,95
3,205,94
3,206,94
3,207,95
3,208,93
3,209,95
3,210,94
3,211,94
3,212,93
3,213,93
3,214,95
3,215,93
3,216,94
3,217,95
3,218,94
3,219,94
3,220,95
3,221,92
3,222,96
3,223,94
3,224,93
3,225,94
3,226,94
3,227,94
3,228,93
3,229,94
3,230,94
3,231,96
3,232,94
3,233,93
3,234,96
3,235,95
3,236,92
3,237,94
3,238,93
3,239,95
3,240,95
3,241,95
3,242,95
3,243,93
3,244,94
3,245,94
3,246,94
3,247,96
3,248,96
3,249,96
3,250,98
3,251,98
3,252,97
3,253,95
3,254,95
3,255,95
3,256,97
3,257,94
3,258,94
3,259,95
3,260,94
3,261,95
3,262,94
3,263,94
3,264,93
3,265,95
3,266,94
3,267,96
3,268,94
3,269,97
3,270,96
3,271,95
3,272,95
3,273,93
3,274,93
3,275,94
3,276,93
3,277,96
3,278,95
3,279,95
3,280,94
3,281,94
3,282,93
3,283,94
3,284,93
3,285,92
3,286,94
3,287,95
3,288,94
3,289,95
3,290,93
3,291,94
3,292,95
3,293,94
3,294,95
3,295,95
3,296,93
3,297,94
3,298,95
3,299,95
3,300,95
3,301,94
3,302,93
3,303,95
3,304,95
3,305,95
3,306,95
3,307,94
3,308,96
3,309,95
3,310,94
3,311,94
3,312,93
3,313,96
3,314,94
3,315,93
3,316,95
3,317,94
3,318,95
3,319,93
3,320,98
3,321,94
3,322,94
3,323,93
3,324,93
3,325,94
3,326,96
3,327,96
3,328,94
3,329,94
3,330,95
3,331,94
3,332,95
3,333,94
3,334,93
3,335,95
3,336,95
3,337,96
3,338,95
3,339,93
3,340,94
3,341,95
3,342,93
3,343,95
3,344,92
3,345,94
3,346,93
3,347,95
3,348,95
3,349,94
3,350,94
3,351,95
3,352,94
3,353,94
3,354,94
3,355,93
3,356,94
3,357,93
3,358,94
3,359,95
3,360,95
3,361,94
3,362,97
3,363,96
3,364,95
3,365,95
3,366,95
3,367,95
3,368,94
3,369,95
3,370,93
3,371,95
3,372,95
3,373,94
3,374,93
3,375,97
3,376,93
3,377,94
3,378,95
3,379,95
3,380,93
3,381,92
3,382,94
3,383,95
3,384,94
3,385,93
3,386,94
3,387,95
3,388,96
3,389,96
3,390,95
3,391,94
3,392,93
3,393,94
3,394,95
3,395,95
3,396,94
3,397,94
3,398,96
3,399,95
3,400,94
3,401,94
3,402,95
3,403,95
3,404,94
3,405,95
3,406,93
3,407,94
3,408,93
3,409,95
3,410,96
3,411,96
3,412,94
3,413,92
3,414,95
3,415,94
3,416,94
3,417,95
3,418,95
3,419,96
3,420,94
3,421,94
3,422,96
3,423,95
3,424,93
3,425,94
3,426,94
3,427,94
3,428,96
3,429,94
3,430,95
3,431,95
3,432,92
3,433,95
3,434,94
3,435,94
3,436,95
3,437,95
3,438,95
3,439,94
3,440,96
3,441,95
3,442,94
3,443,96
3,444,93
3,445,93
3,446,95
3,447,94
3,448,94
3,449,94
3,450,94
3,451,95
3,452,95
3,453,96
3,454,95
3,455,95
3,456,93
3,457,93
3,458,95
3,459,95
3,460,95
3,461,93
3,462,96
3,463,95
3,464,95
3,465,93
3,466,95
3,467,91
3,468,96
3,469,94
3,470,94
3,471,94
3,472,95
3,473,93
3,474,95
3,475,93
3,476,95
3,477,93
3,478,96
3,479,95
3,480,95
3,481,93
3,482,93
3,483,95
3,484,94
3,485,95
3,486,92
3,487,96
3,488,95
3,489,94
3,490,94
3,491,95
3,492,96
3,493,92
3,494,94
3,495,94
3,496,93
3,497,95
3,498,94
3,499,94
3,500,95
3,501,95
3,502,98
3,503,94
3,504,94
3,505,93
3,506,96
3,507,95
3,508,94
3,509,97
3,510,94
3,511,96
3,512,93
3,513,93
3,514,96
3,515,94
3,516,95
3,517,94
3,518,94
3,519,96
3,520,94
3,521,95
3,522,94
3,523,94
3,524,93
3,525,96
3,526,96
3,527,95
3,528,95
3,529,95
3,530,96
3,531,95
3,532,94
3,533,94
3,534,96
3,535,96
3,536,96
3,537,94
3,538,95
3,539,95
3,540,94
3,541,94
3,542,96
3,543,94
3,544,95
3,545,93
3,546,94
3,547,95
3,548,93
3,549,95
3,550,95
3,551,95
3,552,95
3,553,96
3,554,94
3,555,95
3,556,94
3,557,96
3,558,94
3,559,95
3,560,95
3,561,95
3,562,96
3,563,94
3,564,94
3,565,92
3,566,94
3,567,94
3,568,95
3,569,97
3,570,98
3,571,95
3,572,95
3,573,95
3,574,95
3,575,97
3,576,94
3,577,95
3,578,94
3,579,95
3,580,94
3,581,97
3,582,94
3,583,94
3,584,95
3,585,94
3,586,96
3,587,94
3,588,94
3,589,94
3,590,95
3,591,94
3,592,94
3,593,93
3,594,94
3,595,96
3,596,93
3,597,96
3,598,94
3,599,96
3,600,95
3,601,95
3,602,95
3,603,94
3,604,95
3,605,95
3,606,96
3,607,94
3,608,95
3,609,93
3,610,94
3,611,93
3,612,94
3,613,94
3,614,95
3,615,94
3,616,93
3,617,93
3,618,94
3,619,94
3,620,96
3,621,93
3,622,94
3,623,94
3,624,95
3,625,94
3,626,95
3,627,93
3,628,94
3,629,93
3,630,94
3,631,95
3,632,94
3,633,95
3,634,94
3,635,94
3,636,94
3,637,94
3,638,95
3,639,95
3,640,94
3,641,94
3,642,94
3,643,93
3,644,94
3,645,93
3,646,94
3,647,95
3,648,93
3,649,94
3,650,95
3,651,95
3,652,94
3,653,95
3,654,96
3,655,97
3,656,96
3,657,93
3,658,92
3,659,97
3,660,94
3,661,95
3,662,94
3,663,94
3,664,93
3,665,93
3,666,95
3,667,94
3,668,94
3,669,96
3,670,95
3,671,94
3,672,95
3,673,94
3,674,94
3,675,96
3,676,94
3,677,94
3,678,95
3,679,95
3,680,95
3,681,94
3,682,92
3,683,94
3,684,94
3,685,94
3,686,95
3,687,96
3,688,94
3,689,94
3,690,96
3,691,94
3,692,95
3,693,95
3,694,95
3,695,95
3,696,93
3,697,93
3,698,95
3,699,94
3,700,95
3,701,94
3,702,95
3,703,97
3,704,94
3,705,95
3,706,94
3,707,94
3,708,94
3,709,93
3,710,94
3,711,95
3,712,95
3,713,94
3,714,94
3,715,94
3,716,94
3,717,94
3,718,93
3,719,96
3,720,96
3,721,94
3,722,93
3,723,93
3,724,94
3,725,95
3,726,95
3,727,96
3,728,95
3,729,95
3,730,93
3,731,95
3,732,94
3,733,93
3,734,95
3,735,93
3,736,93
3,737,95
3,738,95
3,739,94
3,740,93
3,741,94
3,742,91
3,743,96
3,744,94
3,745,92
3,746,96
3,747,95
3,748,95
3,749,96
3,750,96
3,751,96
3,752,94
3,753,94
3,754,94
3,755,96
3,756,97
3,757,96
3,758,95
3,759,94
3,760,96
3,761,94
3,762,94
3,763,94
3,764,94
3,765,93
3,766,93
3,767,96
3,768,92
3,769,95
3,770,96
3,771,93
3,772,94
3,773,94
3,774,96
3,775,94
3,776,94
3,777,94
3,778,94
3,779,95
3,780,94
3,781,94
3,782,94
3,783,94
3,784,94
3,785,94
3,786,95
3,787,94
3,788,94
3,789,94
3,790,95
3,791,95
3,792,93
3,793,96
3,794,95
3,795,95
3,796,94
3,797,94
3,798,96
3,799,96
3,800,94
3,801,95
3,802,95
3,803,93
3,804,95
3,805,96
3,806,94
3,807,94
3,808,95
3,809,94
3,810,94
3,811,96
3,812,96
3,813,92
3,814,94
3,815,95
3,816,93
3,817,93
3,818,95
3,819,96
3,820,93
3,821,94
3,822,94
3,823,94
3,824,95
3,825,95
3,826,93
3,827,94
3,828,92
3,829,93
3,830,96
3,831,94
3,832,94
3,833,95
3,834,93
3,835,93
3,836,95
3,837,94
3,838,94
3,839,96
3,840,94
3,841,94
3,842,95
3,843,95
3,844,93
3,845,94
3,846,94
3,847,95
3,848,93
3,849,92
3,850,94
3,851,94
3,852,94
3,853,93
3,854,95
3,855,94
3,856,94
3,857,94
3,858,94
3,859,94
3,860,94
3,861,94
3,862,94
3,863,96
3,864,93
3,865,95
3,866,93
3,867,94
3,868,95
3,869,94
3,870,96
3,871,96
3,872,96
3,873,94
3,874,94
3,875,93
3,876,95
3,877,94
3,878,95
3,879,95
3,880,92
3,881,92
3,882,95
3,883,96
3,884,93
3,885,96
3,886,94
3,887,95
3,888,94
3,889,93
3,890,96
3,891,93
3,892,94
3,893,95
3,894,94
3,895,93
3,896,94
3,897,94
3,898,94
3,899,94
3,900,95
3,901,94
3,902,93
3,903,94
3,904,94
3,905,95
3,906,96
3,907,95
3,908,94
3,909,95
3,910,94
3,911,94
3,912,94
3,913,92
3,914,94
3,915,94
3,916,93
3,917,93
3,918,94
3,919,94
3,920,95
3,921,93
3,922,95
3,923,94
3,924,98
3,925,93
3,926,94
3,927,96
3,928,93
3,929,93
3,930,94
3,931,93
3,932,95
3,933,94
3,934,94
3,935,93
3,936,95
3,937,94
3,938,93
3,939,93
3,940,93
3,941,94
3,942,93
3,943,94
3,944,95
3,945,94
3,946,94
3,947,93
3,948,94
3,949,93
3,950,92
3,951,93
3,952,97
3,953,94
3,954,93
3,955,95
3,956,94
3,957,94
3,958,93
3,959,95
3,960,93
3,961,94
3,962,93
3,963,93
3,964,95
3,965,93
3,966,94
3,967,94
3,968,93
3,969,94
3,970,92
3,971,95
3,972,94
3,973,93
3,974,94
3,975,95
3,976,93
3,977,95
3,978,94
3,979,93
3,980,94
3,981,94
3,982,96
3,983,95
3,984,94
3,985,93
3,986,94
3,987,93
3,988,94
3,989,93
3,990,95
3,991,95
3,992,95
3,993,94
3,994,95
3,995,94
3,996,94
3,997,95
3,998,94
3,999,93
3,1000,94
3,1001,94
3,1002,94
3,1003,95
3,1004,94
3,1005,95
3,1006,94
3,1007,95
3,1008,94
3,1009,93
3,1010,93
3,1011,96
3,1012,94
3,1013,92
3,1014,94
3,1015,96
3,1016,92
3,1017,94
3,1018,93
3,1019,94
3,1020,94
3,1021,93
3,1022,95
3,1023,93
4,0,93
4,1,94
4,2,93
4,3,94
4,4,94
4,5,93
4,6,94
4,7,93
4,8,93
4,9,94
4,10,95
4,11,96
4,12,94
4,13,94
4,14,95
4,15,95
4,16,94
4,17,93
4,18,95
4,19,93
4,20,93
4,21,93
4,22,92
4,23,94
4,24,94
4,25,94
4,26,94
4,27,92
4,28,94
4,29,93
4,30,95
4,31,92
4,32,94
4,33,94
4,34,93
4,35,95
4,36,94
4,37,96
4,38,94
4,39,94
4,40,94
4,41,94
4,42,92
4,43,95
4,44,95
4,45,94
4,46,94
4,47,93
4,48,94
4,49,95
4,50,94
4,51,95
4,52,93
4,53,95
4,54,94
4,55,95
4,56,93
4,57,95
4,58,94
4,59,94
4,60,95
4,61,93
4,62,94
4,63,95
4,64,94
4,65,93
4,66,96
4,67,95
4,68,94
4,69,95
4,70,96
4,71,93
4,72,94
4,73,93
4,74,94
4,75,95
4,76,94
4,77,94
4,78,93
4,79,94
4,80,95
4,81,95
4,82,95
4,83,95
4,84,94
4,85,93
4,86,93
4,87,94
4,88,94
4,89,92
4,90,93
4,91,94
4,92,93
4,93,93
4,94,94
4,95,95
4,96,93
4,97,95
4,98,94
4,99,92
4,100,95
4,101,93
4,102,94
4,103,94
4,104,93
4,105,93
4,106,93
4,107,94
4,108,95
4,109,94
4,110,94
4,111,94
4,112,95
4,113,93
4,114,94
4,115,94
4,116,95
4,117,93
4,118,92
4,119,93
4,120,92
4,121,95
4,122,95
4,123,95
4,124,92
4,125,94
4,126,94
4,127,95
4,128,94
4,129,97
4,130,93
4,131,95
4,132,94
4,133,95
4,134,96
4,135,95
4,136,93
4,137,95
4,138,94
4,139,94
4,140,93
4,141,93
4,142,93
4,143,94
4,144,94
4,145,94
4,146,94
4,147,96
4,148,95
4,149,93
4,150,94
4,151,94
4,152,94
4,153,94
4,154,93
4,155,94
4,156,95
4,157,94
4,158,94
4,159,94
4,160,94
4,161,93
4,162,94
4,163,95
4,164,94
4,165,95
4,166,94
4,167,95
4,168,94
4,169,92
4,170,94
4,171,95
4,172,93
4,173,94
4,174,94
4,175,95
4,176,94
4,177,92
4,178,96
4,179,95
4,180,94
4,181,96
4,182,93
4,183,93
4,184,93
4,185,94
4,186,93
4,187,94
4,188,96
4,189,94
4,190,95
4,191,94
4,192,95
4,193,95
4,194,95
4,195,94
4,196,94
4,197,94
4,198,97
4,199,95
4,200,93
4,201,93
4,202,95
4,203,93
4,204,95
4,205,93
4,206,94
4,207,95
4,208,93
4,209,95
4,210,95
4,211,95
4,212,94
4,213,95
4,214,93
4,215,94
4,216,96
4,217,93
4,218,96
4,219,93
4,220,94
4,221,95
4,222,93
4,223,94
4,224,94
4,225,95
4,226,93
4,227,95
4,228,94
4,229,93
4,230,94
4,231,95
4,232,93
4,233,94
4,234,94
4,235,94
4,236,94
4,237,94
4,238,93
4,239,95
4,240,94
4,241,94
4,242,93
4,243,93
4,244,94
4,245,94
4,246,96
4,247,93
4,248,94
4,249,97
4,250,98
4,251,99
4,252,98
4,253,98
4,254,94
4,255,95
4,256,94
4,257,94
4,258,94
4,259,94
4,260,95
4,261,93
4,262,96
4,263,94
4,264,96
4,265,93
4,266,95
4,267,95
4,268,95
4,269,95
4,270,93
4,271,95
4,272,95
4,273,94
4,274,96
4,275,94
4,276,93
4,277,94
4,278,96
4,279,95
4,280,94
4,281,93
4,282,96
4,283,94
4,284,94
4,285,94
4,286,93
4,287,94
4,288,96
4,289,95
4,290,94
4,291,94
4,292,94
4,293,95
4,294,95
4,295,96
4,296,94
4,297,92
4,298,95
4,299,95
4,300,95
4,301,92
4,302,94
4,303,94
4,304,95
4,305,94
4,306,95
4,307,94
4,308,93
4,309,94
4,310,94
4,311,94
4,312,95
4,313,94
4,314,93
4,315,94
4,316,93
4,317,94
4,318,95
4,319,96
4,320,96
4,321,94
4,322,94
4,323,95
4,324,94
4,325,94
4,326,93
4,327,95
4,328,93
4,329,94
4,330,95
4,331,95
4,332,94
4,333,93
4,334,94
4,335,94
4,336,95
4,337,94
4,338,94
4,339,97
4,340,95
4,341,92
4,342,94
4,343,94
4,344,95
4,345,94
4,346,94
4,347,95
4,348,96
4,349,93
4,350,94
4,351,96
4,352,96
4,353,94
4,354,95
4,355,95
4,356,94
4,357,94
4,358,95
4,359,94
4,360,94
4,361,95
4,362,95
4,363,94
4,364,96
4,365,95
4,366,95
4,367,95
4,368,94
4,369,93
4,370,94
4,371,95
4,372,95
4,373,94
4,374,96
4,375,96
4,376,94
4,377,93
4,378,93
4,379,95
4,380,94
4,381,95
4,382,93
4,383,95
4,384,95
4,385,93
4,386,94
4,387,96
4,388,94
4,389,96
4,390,94
4,391,96
4,392,94
4,393,96
4,394,94
4,395,96
4,396,95
4,397,92
4,398,95
4,399,94
4,400,94
4,401,94
4,402,96
4,403,93
4,404,94
4,405,95
4,406,93
4,407,94
4,408,94
4,409,94
4,410,96
4,411,95
4,412,94
4,413,95
4,414,95
4,415,95
4,416,94
4,417,94
4,418,96
4,419,95
4,420,94
4,421,94
4,422,94
4,423,95
4,424,95
4,425,94
4,426,92
4,427,96
4,428,94
4,429,95
4,430,93
4,431,95
4,432,95
4,433,92
4,434,96
4,435,94
4,436,95
4,437,93
4,438,94
4,439,95
4,440,94
4,441,95
4,442,95
4,443,94
4,444,94
4,445,95
4,446,94
4,447,94
4,448,93
4,449,93
4,450,95
4,451,94
4,452,94
4,453,92
4,454,95
4,455,94
4,456,95
4,457,94
4,458,95
4,459,96
4,460,94
4,461,93
4,462,95
4,463,96
4,464,94
4,465,95
4,466,96
4,467,94
4,468,94
4,469,95
4,470,94
4,471,95
4,472,94
4,473,94
4,474,93
4,475,94
4,476,94
4,477,94
4,478,95
4,479,95
4,480,94
4,481,93
4,482,94
4,483,94
4,484,95
4,485,95
4,486,95
4,487,95
4,488,95
4,489,95
4,490,95
4,491,95
4,492,94
4,493,94
4,494,95
4,495,94
4,496,94
4,497,96
4,498,94
4,499,95
4,500,96
4,501,95
4,502,94
4,503,95
4,504,95
4,505,95
4,506,95
4,507,95
4,508,95
4,509,94
4,510,94
4,511,95
4,512,95
4,513,95
4,514,95
4,515,94
4,516,94
4,517,94
4,518,96
4,519,95
4,520,97
4,521,96
4,522,94
4,523,94
4,524,96
4,525,95
4,526,94
4,527,95
4,528,94
4,529,94
4,530,95
4,531,95
4,532,94
4,533,93
4,534,95
4,535,94
4,536,95
4,537,94
4,538,95
4,539,95
4,540,93
4,541,94
4,542,95
4,543,95
4,544,95
4,545,94
4,546,96
4,547,94
4,548,96
4,549,94
4,550,94
4,551,95
4,552,94
4,553,93
4,554,94
4,555,94
4,556,95
4,557,94
4,558,94
4,559,97
4,560,96
4,561,96
4,562,96
4,563,97
4,564,94
4,565,96
4,566,95
4,567,95
4,568,94
4,569,95
4,570,96
4,571,95
4,572,94
4,573,94
4,574,95
4,575,95
4,576,94
4,577,95
4,578,95
4,579,95
4,580,96
4,581,95
4,582,95
4,583,94
4,584,95
4,585,93
4,586,94
4,587,95
4,588,94
4,589,94
4,590,95
4,591,98
4,592,92
4,593,93
4,594,94
4,595,95
4,596,93
4,597,96
4,598,95
4,599,97
4,600,95
4,601,94
4,602,95
4,603,95
4,604,94
4,605,96
4,606,94
4,607,95
4,608,93
4,609,94
4,610,96
4,611,95
4,612,95
4,613,93
4,614,94
4,615,95
4,616,93
4,617,92
4,618,94
4,619,95
4,620,94
4,621,94
4,622,94
4,623,94
4,624,94
4,625,94
4,626,96
4,627,95
4,628,96
4,629,94
4,630,95
4,631,95
4,632,96
4,633,94
4,634,96
4,635,94
4,636,94
4,637,94
4,638,94
4,639,95
4,640,95
4,641,95
4,642,94
4,643,94
4,644,95
4,645,93
4,646,94
4,647,95
4,648,94
4,649,94
4,650,95
4,651,95
4,652,94
4,653,94
4,654,94
4,655,94
4,656,94
4,657,93
4,658,93
4,659,95
4,660,95
4,661,94
4,662,93
4,663,96
4,664,94
4,665,95
4,666,94
4,667,94
4,668,94
4,669,94
4,670,95
4,671,94
4,672,92
4,673,94
4,674,94
4,675,93
4,676,94
4,677,94
4,678,93
4,679,95
4,680,94
4,681,96
4,682,94
4,683,93
4,684,94
4,685,94
4,686,95
4,687,94
4,688,95
4,689,94
4,690,95
4,691,94
4,692,94
4,693,95
4,694,94
4,695,95
4,696,94
4,697,95
4,698,93
4,699,95
4,700,96
4,701,95
4,702,94
4,703,94
4,704,94
4,705,94
4,706,95
4,707,96
4,708,95
4,709,94
4,710,94
4,711,96
4,712,93
4,713,95
4,714,93
4,715,93
4,716,95
4,717,92
4,718,96
4,719,95
4,720,94
4,721,95
4,722,94
4,723,95
4,724,94
4,725,94
4,726,94
4,727,94
4,728,92
4,729,94
4,730,94
4,731,93
4,732,93
4,733,95
4,734,95
4,735,95
4,736,94
4,737,94
4,738,94
4,739,95
4,740,93
4,741,95
4,742,95
4,743,94
4,744,94
4,745,94
4,746,95
4,747,92
4,748,94
4,749,93
4,750,92
4,751,95
4,752,94
4,753,92
4,754,93
4,755,96
4,756,94
4,757,94
4,758,95
4,759,94
4,760,93
4,761,94
4,762,92
4,763,94
4,764,94
4,765,94
4,766,95
4,767,96
4,768,92
4,769,94
4,770,94
4,771,94
4,772,93
4,773,93
4,774,96
4,775,95
4,776,94
4,777,94
4,778,94
4,779,95
4,780,95
4,781,95
4,782,94
4,783,94
4,784,94
4,785,95
4,786,95
4,787,96
4,788,93
4,789,93
4,790,94
4,791,96
4,792,95
4,793,94
4,794,93
4,795,96
4,796,93
4,797,94
4,798,94
4,799,95
4,800,94
4,801,94
4,802,94
4,803,95
4,804,93
4,805,94
4,806,94
4,807,95
4,808,95
4,809,93
4,810,96
4,811,95
4,812,95
4,813,93
4,814,92
4,815,94
4,816,94
4,817,94
4,818,95
4,819,95
4,820,94
4,821,94
4,822,94
4,823,95
4,824,96
4,825,94
4,826,94
4,827,94
4,828,94
4,829,94
4,830,95
4,831,96
4,832,93
4,833,93
4,834,93
4,835,94
4,836,94
4,837,94
4,838,94
4,839,95
4,840,94
4,841,94
4,842,94
4,843,94
4,844,95
4,845,95
4,846,95
4,847,94
4,848,93
4,849,93
4,850,94
4,851,95
4,852,94
4,853,92
4,854,94
4,855,95
4,856,94
4,857,94
4,858,94
4,859,94
4,860,93
4,861,94
4,862,94
4,863,93
4,864,93
4,865,93
4,866,94
4,867,95
4,868,96
4,869,94
4,870,94
4,871,94
4,872,94
4,873,94
4,874,93
4,875,95
4,876,95
4,877,93
4,878,94
4,879,95
4,880,94
4,881,93
4,882,93
4,883,92
4,884,93
4,885,94
4,886,93
4,887,94
4,888,94
4,889,93
4,890,94
4,891,94
4,892,93
4,893,93
4,894,94
4,895,93
4,896,95
4,897,94
4,898,94
4,899,94
4,900,95
4,901,93
4,902,95
4,903,95
4,904,93
4,905,95
4,906,93
4,907,93
4,908,94
4,909,93
4,910,95
4,911,94
4,912,96
4,913,93
4,914,93
4,915,94
4,916,92
4,917,95
4,918,95
4,919,96
4,920,95
4,921,92
4,922,93
4,923,94
4,924,97
4,925,94
4,926,95
4,927,94
4,928,94
4,929,94
4,930,95
4,931,96
4,932,94
4,933,94
4,934,94
4,935,95
4,936,95
4,937,92
4,938,94
4,939,95
4,940,94
4,941,94
4,942,92
4,943,95
4,944,94
4,945,93
4,946,93
4,947,94
4,948,94
4,949,94
4,950,94
4,951,94
4,952,95
4,953,93
4,954,95
4,955,94
4,956,93
4,957,95
4,958,95
4,959,93
4,960,94
4,961,94
4,962,94
4,963,93
4,964,93
4,965,95
4,966,93
4,967,95
4,968,94
4,969,94
4,970,93
4,971,96
4,972,94
4,973,94
4,974,93
4,975,93
4,976,94
4,977,94
4,978,95
4,979,96
4,980,94
4,981,92
4,982,94
4,983,93
4,984,93
4,985,94
4,986,95
4,987,93
4,988,94
4,989,93
4,990,93
4,991,93
4,992,96
4,993,93
4,994,94
4,995,95
4,996,94
4,997,93
4,998,95
4,999,94
4,1000,91
4,1001,94
4,1002,94
4,1003,94
4,1004,93
4,1005,92
4,1006,94
4,1007,94
4,1008,94
4,1009,94
4,1010,94
4,1011,94
4,1012,92
4,1013,93
4,1014,94
4,1015,94
4,1016,93
4,1017,95
4,1018,93
4,1019,95
4,1020,95
4,1021,92
4,1022,94
4,1023,94
