# laser_power_pct,15.0
# exposure_time,0.5
# laser_nm,532.021
# mode,single
pixel_index,raman_shift_cm-1,wavelength_nm,intensity
0,-224.905,525.7304,97.0
1,-221.837,525.8152,97.0
2,-218.771,525.9000,95.0
3,-215.706,525.9848,97.0
4,-212.642,526.0696,98.0
5,-209.579,526.1544,97.0
6,-206.517,526.2391,96.0
7,-203.456,526.3239,97.0
8,-200.397,526.4087,97.0
9,-197.339,526.4934,98.0
10,-194.282,526.5782,96.0
11,-191.227,526.6629,96.0
12,-188.172,526.7476,97.0
13,-185.119,526.8324,96.0
14,-182.067,526.9171,98.0
15,-179.016,527.0018,97.0
16,-175.966,527.0865,97.0
17,-172.918,527.1712,96.0
18,-169.871,527.2559,95.0
19,-166.825,527.3406,97.0
20,-163.780,527.4253,95.0
21,-160.736,527.5100,97.0
22,-157.693,527.5947,97.0
23,-154.652,527.6793,96.0
24,-151.612,527.7640,96.0
25,-148.573,527.8487,98.0
26,-145.535,527.9333,96.0
27,-142.499,528.0180,96.0
28,-139.464,528.1026,96.0
29,-136.429,528.1872,96.0
30,-133.397,528.2719,96.0
31,-130.365,528.3565,96.0
32,-127.334,528.4411,97.0
33,-124.305,528.5257,97.0
34,-121.277,528.6103,96.0
35,-118.250,528.6949,95.0
36,-115.224,528.7795,97.0
37,-112.199,528.8641,98.0
38,-109.176,528.9487,95.0
39,-106.153,529.0332,95.0
40,-103.132,529.1178,97.0
41,-100.112,529.2024,95.0
42,-97.094,529.2869,96.0
43,-94.076,529.3715,95.0
44,-91.060,529.4560,97.0
45,-88.045,529.5405,97.0
46,-85.031,529.6251,97.0
47,-82.018,529.7096,96.0
48,-79.006,529.7941,97.0
49,-75.996,529.8786,94.0
50,-72.987,529.9631,94.0
51,-69.979,530.0476,96.0
52,-66.972,530.1321,97.0
53,-63.966,530.2166,97.0
54,-60.961,530.3011,97.0
55,-57.958,530.3856,96.0
56,-54.956,530.4700,97.0
57,-51.955,530.5545,97.0
58,-48.955,530.6390,94.0
59,-45.956,530.7234,96.0
60,-42.959,530.8078,97.0
61,-39.962,530.8923,96.0
62,-36.967,530.9767,96.0
63,-33.973,531.0611,98.0
64,-30.980,531.1456,99.0
65,-27.989,531.2300,111.0
66,-24.998,531.3144,193.0
67,-22.009,531.3988,108.0
68,-19.021,531.4832,97.0
69,-16.034,531.5676,96.0
70,-13.048,531.6519,96.0
71,-10.063,531.7363,96.0
72,-7.080,531.8207,96.0
73,-4.098,531.9050,96.0
74,-1.116,531.9894,97.0
75,1.864,532.0738,95.0
76,4.842,532.1581,95.0
77,7.820,532.2424,97.0
78,10.797,532.3268,99.0
79,13.772,532.4111,97.0
80,16.746,532.4954,98.0
81,19.719,532.5797,96.0
82,22.691,532.6640,96.0
83,25.662,532.7483,97.0
84,28.631,532.8326,96.0
85,31.599,532.9169,97.0
86,34.567,533.0012,97.0
87,37.533,533.0855,96.0
88,40.498,533.1697,97.0
89,43.461,533.2540,96.0
90,46.424,533.3383,96.0
91,49.385,533.4225,96.0
92,52.346,533.5068,96.0
93,55.305,533.5910,96.0
94,58.263,533.6752,96.0
95,61.219,533.7595,97.0
96,64.175,533.8437,97.0
97,67.130,533.9279,98.0
98,70.083,534.0121,97.0
99,73.035,534.0963,96.0
100,75.986,534.1805,97.0
101,78.936,534.2647,99.0
102,81.885,534.3489,98.0
103,84.832,534.4330,99.0
104,87.779,534.5172,96.0
105,90.724,534.6014,98.0
106,93.668,534.6855,98.0
107,96.611,534.7697,97.0
108,99.553,534.8538,97.0
109,102.494,534.9380,98.0
110,105.433,535.0221,96.0
111,108.372,535.1062,99.0
112,111.309,535.1903,97.0
113,114.245,535.2744,96.0
114,117.180,535.3586,97.0
115,120.114,535.4427,97.0
116,123.047,535.5267,96.0
117,125.978,535.6108,98.0
118,128.909,535.6949,97.0
119,131.838,535.7790,99.0
120,134.766,535.8631,98.0
121,137.693,535.9471,98.0
122,140.619,536.0312,99.0
123,143.544,536.1152,97.0
124,146.467,536.1993,97.0
125,149.390,536.2833,96.0
126,152.311,536.3673,97.0
127,155.231,536.4514,97.0
128,158.150,536.5354,98.0
129,161.068,536.6194,97.0
130,163.985,536.7034,97.0
131,166.901,536.7874,96.0
132,169.815,536.8714,98.0
133,172.729,536.9554,99.0
134,175.641,537.0393,96.0
135,178.552,537.1233,97.0
136,181.462,537.2073,98.0
137,184.371,537.2912,98.0
138,187.279,537.3752,97.0
139,190.185,537.4591,96.0
140,193.091,537.5431,99.0
141,195.995,537.6270,98.0
142,198.898,537.7109,98.0
143,201.800,537.7949,98.0
144,204.701,537.8788,99.0
145,207.601,537.9627,98.0
146,210.500,538.0466,99.0
147,213.397,538.1305,99.0
148,216.294,538.2144,99.0
149,219.189,538.2983,98.0
150,222.083,538.3821,100.0
151,224.976,538.4660,97.0
152,227.868,538.5499,98.0
153,230.759,538.6337,101.0
154,233.649,538.7176,99.0
155,236.537,538.8014,100.0
156,239.425,538.8853,98.0
157,242.311,538.9691,98.0
158,245.196,539.0529,99.0
159,248.081,539.1367,97.0
160,250.964,539.2206,98.0
161,253.845,539.3044,100.0
162,256.726,539.3882,100.0
163,259.606,539.4720,100.0
164,262.484,539.5557,99.0
165,265.362,539.6395,101.0
166,268.238,539.7233,101.0
167,271.113,539.8071,97.0
168,273.987,539.8908,98.0
169,276.860,539.9746,99.0
170,279.732,540.0583,100.0
171,282.603,540.1421,101.0
172,285.472,540.2258,101.0
173,288.341,540.3095,98.0
174,291.208,540.3933,99.0
175,294.075,540.4770,99.0
176,296.940,540.5607,99.0
177,299.804,540.6444,100.0
178,302.667,540.7281,98.0
179,305.529,540.8118,100.0
180,308.389,540.8955,97.0
181,311.249,540.9791,97.0
182,314.108,541.0628,99.0
183,316.965,541.1465,99.0
184,319.821,541.2301,100.0
185,322.676,541.3138,100.0
186,325.531,541.3974,98.0
187,328.384,541.4810,99.0
188,331.235,541.5647,100.0
189,334.086,541.6483,99.0
190,336.936,541.7319,98.0
191,339.785,541.8155,96.0
192,342.632,541.8991,97.0
193,345.478,541.9827,99.0
194,348.324,542.0663,99.0
195,351.168,542.1499,99.0
196,354.011,542.2335,98.0
197,356.853,542.3171,97.0
198,359.694,542.4006,96.0
199,362.534,542.4842,98.0
200,365.372,542.5677,99.0
201,368.210,542.6513,97.0
202,371.046,542.7348,98.0
203,373.882,542.8184,97.0
204,376.716,542.9019,98.0
205,379.549,542.9854,98.0
206,382.381,543.0689,99.0
207,385.212,543.1524,98.0
208,388.042,543.2359,99.0
209,390.871,543.3194,98.0
210,393.699,543.4029,99.0
211,396.526,543.4864,98.0
212,399.351,543.5699,99.0
213,402.176,543.6533,97.0
214,404.999,543.7368,98.0
215,407.821,543.8202,97.0
216,410.643,543.9037,98.0
217,413.463,543.9871,99.0
218,416.282,544.0706,98.0
219,419.100,544.1540,99.0
220,421.917,544.2374,99.0
221,424.732,544.3208,98.0
222,427.547,544.4042,99.0
223,430.361,544.4876,99.0
224,433.173,544.5710,99.0
225,435.985,544.6544,98.0
226,438.795,544.7378,97.0
227,441.604,544.8212,96.0
228,444.412,544.9045,98.0
229,447.219,544.9879,98.0
230,450.025,545.0713,98.0
231,452.830,545.1546,98.0
232,455.634,545.2379,99.0
233,458.437,545.3213,97.0
234,461.239,545.4046,98.0
235,464.039,545.4879,98.0
236,466.839,545.5712,95.0
237,469.637,545.6546,97.0
238,472.435,545.7379,98.0
239,475.231,545.8212,97.0
240,478.026,545.9044,99.0
241,480.820,545.9877,99.0
242,483.613,546.0710,98.0
243,486.405,546.1543,99.0
244,489.196,546.2375,101.0
245,491.986,546.3208,101.0
246,494.775,546.4040,104.0
247,497.563,546.4873,114.0
248,500.349,546.5705,127.0
249,503.135,546.6537,148.0
250,505.919,546.7370,204.0
251,508.703,546.8202,273.0
252,511.485,546.9034,223.0
253,514.266,546.9866,141.0
254,517.047,547.0698,112.0
255,519.826,547.1530,104.0
256,522.604,547.2361,103.0
257,525.381,547.3193,100.0
258,528.157,547.4025,97.0
259,530.932,547.4856,100.0
260,533.705,547.5688,98.0
261,536.478,547.6520,98.0
262,539.250,547.7351,99.0
263,542.020,547.8182,97.0
264,544.790,547.9014,99.0
265,547.558,547.9845,98.0
266,550.326,548.0676,99.0
267,553.092,548.1507,96.0
268,555.857,548.2338,98.0
269,558.622,548.3169,100.0
270,561.385,548.4000,97.0
271,564.147,548.4831,96.0
272,566.908,548.5661,98.0
273,569.668,548.6492,98.0
274,572.427,548.7323,97.0
275,575.185,548.8153,96.0
276,577.941,548.8984,96.0
277,580.697,548.9814,99.0
278,583.452,549.0644,97.0
279,586.205,549.1475,98.0
280,588.958,549.2305,98.0
281,591.710,549.3135,99.0
282,594.460,549.3965,98.0
283,597.209,549.4795,96.0
284,599.958,549.5625,98.0
285,602.705,549.6455,99.0
286,605.451,549.7285,98.0
287,608.196,549.8114,97.0
288,610.941,549.8944,98.0
289,613.684,549.9774,97.0
290,616.426,550.0603,97.0
291,619.167,550.1432,99.0
292,621.907,550.2262,98.0
293,624.645,550.3091,99.0
294,627.383,550.3920,96.0
295,630.120,550.4750,97.0
296,632.856,550.5579,97.0
297,635.590,550.6408,98.0
298,638.324,550.7237,98.0
299,641.057,550.8066,98.0
300,643.788,550.8894,97.0
301,646.519,550.9723,98.0
302,649.248,551.0552,98.0
303,651.976,551.1381,96.0
304,654.704,551.2209,99.0
305,657.430,551.3038,98.0
306,660.155,551.3866,98.0
307,662.880,551.4694,98.0
308,665.603,551.5523,97.0
309,668.325,551.6351,96.0
310,671.046,551.7179,97.0
311,673.766,551.8007,99.0
312,676.485,551.8835,99.0
313,679.203,551.9663,98.0
314,681.920,552.0491,97.0
315,684.636,552.1319,98.0
316,687.351,552.2147,99.0
317,690.065,552.2974,98.0
318,692.777,552.3802,96.0
319,695.489,552.4629,97.0
320,698.200,552.5457,100.0
321,700.909,552.6284,96.0
322,703.618,552.7112,97.0
323,706.326,552.7939,97.0
324,709.032,552.8766,97.0
325,711.738,552.9593,97.0
326,714.442,553.0420,98.0
327,717.146,553.1247,96.0
328,719.848,553.2074,96.0
329,722.549,553.2901,97.0
330,725.250,553.3728,98.0
331,727.949,553.4555,98.0
332,730.647,553.5381,98.0
333,733.345,553.6208,96.0
334,736.041,553.7034,97.0
335,738.736,553.7861,97.0
336,741.430,553.8687,97.0
337,744.123,553.9513,98.0
338,746.816,554.0340,97.0
339,749.507,554.1166,99.0
340,752.197,554.1992,100.0
341,754.886,554.2818,98.0
342,757.574,554.3644,99.0
343,760.261,554.4470,96.0
344,762.947,554.5296,97.0
345,765.632,554.6121,98.0
346,768.315,554.6947,97.0
347,770.998,554.7773,97.0
348,773.680,554.8598,98.0
349,776.361,554.9424,98.0
350,779.041,555.0249,98.0
351,781.720,555.1074,98.0
352,784.397,555.1900,96.0
353,787.074,555.2725,97.0
354,789.750,555.3550,97.0
355,792.425,555.4375,96.0
356,795.098,555.5200,98.0
357,797.771,555.6025,97.0
358,800.442,555.6850,99.0
359,803.113,555.7674,99.0
360,805.783,555.8499,99.0
361,808.451,555.9324,97.0
362,811.119,556.0148,98.0
363,813.785,556.0973,98.0
364,816.451,556.1797,97.0
365,819.115,556.2622,99.0
366,821.779,556.3446,98.0
367,824.441,556.4270,99.0
368,827.103,556.5094,98.0
369,829.763,556.5918,98.0
370,832.423,556.6742,98.0
371,835.081,556.7566,98.0
372,837.739,556.8390,98.0
373,840.395,556.9214,97.0
374,843.051,557.0038,96.0
375,845.705,557.0861,99.0
376,848.358,557.1685,96.0
377,851.011,557.2508,99.0
378,853.662,557.3332,96.0
379,856.312,557.4155,97.0
380,858.962,557.4979,98.0
381,861.610,557.5802,99.0
382,864.257,557.6625,97.0
383,866.904,557.7448,98.0
384,869.549,557.8271,99.0
385,872.193,557.9094,97.0
386,874.837,557.9917,98.0
387,877.479,558.0740,97.0
388,880.120,558.1562,97.0
389,882.760,558.2385,99.0
390,885.400,558.3208,99.0
391,888.038,558.4030,97.0
392,890.675,558.4853,98.0
393,893.312,558.5675,97.0
394,895.947,558.6497,99.0
395,898.581,558.7320,98.0
396,901.214,558.8142,99.0
397,903.847,558.8964,98.0
398,906.478,558.9786,99.0
399,909.108,559.0608,100.0
400,911.737,559.1430,98.0
401,914.366,559.2252,100.0
402,916.993,559.3073,99.0
403,919.619,559.3895,98.0
404,922.245,559.4717,100.0
405,924.869,559.5538,102.0
406,927.492,559.6360,101.0
407,930.114,559.7181,102.0
408,932.736,559.8002,101.0
409,935.356,559.8824,102.0
410,937.975,559.9645,101.0
411,940.594,560.0466,103.0
412,943.211,560.1287,102.0
413,945.827,560.2108,103.0
414,948.442,560.2929,103.0
415,951.057,560.3750,104.0
416,953.670,560.4571,102.0
417,956.283,560.5391,103.0
418,958.894,560.6212,103.0
419,961.504,560.7032,103.0
420,964.114,560.7853,101.0
421,966.722,560.8673,102.0
422,969.329,560.9494,102.0
423,971.936,561.0314,101.0
424,974.541,561.1134,103.0
425,977.146,561.1954,103.0
426,979.749,561.2774,103.0
427,982.352,561.3594,103.0
428,984.953,561.4414,102.0
429,987.553,561.5234,100.0
430,990.153,561.6054,100.0
431,992.751,561.6873,100.0
432,995.349,561.7693,100.0
433,997.946,561.8513,98.0
434,1000.541,561.9332,99.0
435,1003.136,562.0151,98.0
436,1005.729,562.0971,98.0
437,1008.322,562.1790,99.0
438,1010.914,562.2609,97.0
439,1013.504,562.3428,99.0
440,1016.094,562.4247,99.0
441,1018.682,562.5066,98.0
442,1021.270,562.5885,98.0
443,1023.857,562.6704,98.0
444,1026.443,562.7523,98.0
445,1029.027,562.8342,100.0
446,1031.611,562.9160,98.0
447,1034.194,562.9979,98.0
448,1036.776,563.0797,99.0
449,1039.357,563.1616,98.0
450,1041.937,563.2434,98.0
451,1044.515,563.3252,96.0
452,1047.093,563.4070,98.0
453,1049.670,563.4888,99.0
454,1052.246,563.5707,99.0
455,1054.821,563.6524,97.0
456,1057.395,563.7342,98.0
457,1059.968,563.8160,97.0
458,1062.540,563.8978,96.0
459,1065.112,563.9796,97.0
460,1067.682,564.0613,97.0
461,1070.251,564.1431,98.0
462,1072.819,564.2248,97.0
463,1075.386,564.3066,97.0
464,1077.953,564.3883,98.0
465,1080.518,564.4700,98.0
466,1083.082,564.5517,98.0
467,1085.645,564.6334,97.0
468,1088.208,564.7152,97.0
469,1090.769,564.7968,98.0
470,1093.330,564.8785,98.0
471,1095.889,564.9602,96.0
472,1098.448,565.0419,99.0
473,1101.005,565.1236,98.0
474,1103.562,565.2052,99.0
475,1106.117,565.2869,98.0
476,1108.672,565.3685,97.0
477,1111.226,565.4502,97.0
478,1113.778,565.5318,98.0
479,1116.330,565.6134,97.0
480,1118.881,565.6950,97.0
481,1121.431,565.7766,97.0
482,1123.980,565.8582,97.0
483,1126.528,565.9398,98.0
484,1129.074,566.0214,97.0
485,1131.620,566.1030,98.0
486,1134.165,566.1846,98.0
487,1136.709,566.2661,96.0
488,1139.253,566.3477,97.0
489,1141.795,566.4292,99.0
490,1144.336,566.5108,98.0
491,1146.876,566.5923,98.0
492,1149.415,566.6738,96.0
493,1151.954,566.7554,99.0
494,1154.491,566.8369,97.0
495,1157.027,566.9184,97.0
496,1159.563,566.9999,99.0
497,1162.097,567.0814,98.0
498,1164.631,567.1629,98.0
499,1167.163,567.2443,96.0
500,1169.695,567.3258,96.0
501,1172.226,567.4073,98.0
502,1174.755,567.4887,97.0
503,1177.284,567.5702,98.0
504,1179.812,567.6516,98.0
505,1182.339,567.7331,99.0
506,1184.865,567.8145,97.0
507,1187.390,567.8959,98.0
508,1189.914,567.9773,96.0
509,1192.437,568.0587,98.0
510,1194.959,568.1401,98.0
511,1197.480,568.2215,96.0
512,1200.000,568.3029,99.0
513,1202.519,568.3843,98.0
514,1205.038,568.4656,96.0
515,1207.555,568.5470,99.0
516,1210.071,568.6283,99.0
517,1212.587,568.7097,97.0
518,1215.101,568.7910,98.0
519,1217.615,568.8724,96.0
520,1220.127,568.9537,99.0
521,1222.639,569.0350,99.0
522,1225.150,569.1163,97.0
523,1227.660,569.1976,98.0
524,1230.168,569.2789,98.0
525,1232.676,569.3602,99.0
526,1235.183,569.4415,100.0
527,1237.689,569.5227,96.0
528,1240.194,569.6040,96.0
529,1242.698,569.6853,98.0
530,1245.201,569.7665,98.0
531,1247.704,569.8478,95.0
532,1250.205,569.9290,98.0
533,1252.705,570.0102,98.0
534,1255.205,570.0914,98.0
535,1257.703,570.1727,98.0
536,1260.201,570.2539,98.0
537,1262.697,570.3351,98.0
538,1265.193,570.4162,98.0
539,1267.688,570.4974,98.0
540,1270.182,570.5786,98.0
541,1272.674,570.6598,98.0
542,1275.166,570.7409,99.0
543,1277.657,570.8221,99.0
544,1280.147,570.9032,98.0
545,1282.636,570.9844,97.0
546,1285.125,571.0655,98.0
547,1287.612,571.1466,98.0
548,1290.098,571.2277,98.0
549,1292.583,571.3089,99.0
550,1295.068,571.3900,97.0
551,1297.551,571.4710,98.0
552,1300.034,571.5521,98.0
553,1302.516,571.6332,97.0
554,1304.996,571.7143,98.0
555,1307.476,571.7954,99.0
556,1309.955,571.8764,99.0
557,1312.433,571.9575,100.0
558,1314.910,572.0385,96.0
559,1317.386,572.1195,98.0
560,1319.861,572.2006,98.0
561,1322.335,572.2816,99.0
562,1324.808,572.3626,99.0
563,1327.281,572.4436,101.0
564,1329.752,572.5246,100.0
565,1332.223,572.6056,100.0
566,1334.692,572.6866,99.0
567,1337.161,572.7675,98.0
568,1339.628,572.8485,99.0
569,1342.095,572.9295,99.0
570,1344.561,573.0104,99.0
571,1347.026,573.0914,99.0
572,1349.490,573.1723,98.0
573,1351.953,573.2532,100.0
574,1354.415,573.3342,98.0
575,1356.876,573.4151,97.0
576,1359.337,573.4960,100.0
577,1361.796,573.5769,98.0
578,1364.255,573.6578,99.0
579,1366.712,573.7387,98.0
580,1369.169,573.8195,99.0
581,1371.625,573.9004,98.0
582,1374.079,573.9813,99.0
583,1376.533,574.0621,97.0
584,1378.986,574.1430,99.0
585,1381.438,574.2238,99.0
586,1383.889,574.3046,99.0
587,1386.339,574.3855,98.0
588,1388.789,574.4663,98.0
589,1391.237,574.5471,97.0
590,1393.685,574.6279,98.0
591,1396.131,574.7087,99.0
592,1398.577,574.7895,98.0
593,1401.021,574.8703,98.0
594,1403.465,574.9510,97.0
595,1405.908,575.0318,99.0
596,1408.350,575.1126,99.0
597,1410.791,575.1933,99.0
598,1413.231,575.2741,99.0
599,1415.670,575.3548,97.0
600,1418.109,575.4355,99.0
601,1420.546,575.5162,98.0
602,1422.983,575.5969,99.0
603,1425.418,575.6777,96.0
604,1427.853,575.7584,97.0
605,1430.287,575.8390,97.0
606,1432.719,575.9197,97.0
607,1435.151,576.0004,98.0
608,1437.582,576.0811,98.0
609,1440.012,576.1617,99.0
610,1442.442,576.2424,98.0
611,1444.870,576.3230,98.0
612,1447.297,576.4037,95.0
613,1449.724,576.4843,98.0
614,1452.149,576.5649,98.0
615,1454.574,576.6455,98.0
616,1456.998,576.7261,99.0
617,1459.421,576.8067,97.0
618,1461.843,576.8873,97.0
619,1464.264,576.9679,97.0
620,1466.684,577.0485,99.0
621,1469.103,577.1290,97.0
622,1471.521,577.2096,98.0
623,1473.939,577.2902,98.0
624,1476.355,577.3707,98.0
625,1478.771,577.4512,97.0
626,1481.186,577.5318,97.0
627,1483.600,577.6123,97.0
628,1486.013,577.6928,97.0
629,1488.425,577.7733,98.0
630,1490.836,577.8538,99.0
631,1493.246,577.9343,98.0
632,1495.655,578.0148,98.0
633,1498.064,578.0953,98.0
634,1500.471,578.1757,96.0
635,1502.878,578.2562,98.0
636,1505.284,578.3367,97.0
637,1507.688,578.4171,97.0
638,1510.092,578.4975,97.0
639,1512.495,578.5780,100.0
640,1514.898,578.6584,98.0
641,1517.299,578.7388,98.0
642,1519.699,578.8192,96.0
643,1522.099,578.8996,98.0
644,1524.497,578.9800,97.0
645,1526.895,579.0604,97.0
646,1529.292,579.1408,99.0
647,1531.687,579.2211,97.0
648,1534.082,579.3015,96.0
649,1536.477,579.3819,97.0
650,1538.870,579.4622,96.0
651,1541.262,579.5426,96.0
652,1543.654,579.6229,97.0
653,1546.044,579.7032,98.0
654,1548.434,579.7835,97.0
655,1550.822,579.8638,96.0
656,1553.210,579.9441,97.0
657,1555.597,580.0244,96.0
658,1557.983,580.1047,98.0
659,1560.369,580.1850,96.0
660,1562.753,580.2653,98.0
661,1565.136,580.3455,98.0
662,1567.519,580.4258,94.0
663,1569.901,580.5060,97.0
664,1572.281,580.5863,98.0
665,1574.661,580.6665,99.0
666,1577.040,580.7467,98.0
667,1579.418,580.8269,97.0
668,1581.795,580.9071,96.0
669,1584.172,580.9874,96.0
670,1586.547,581.0675,97.0
671,1588.922,581.1477,96.0
672,1591.296,581.2279,97.0
673,1593.668,581.3081,97.0
674,1596.040,581.3882,98.0
675,1598.411,581.4684,98.0
676,1600.781,581.5485,96.0
677,1603.151,581.6287,96.0
678,1605.519,581.7088,97.0
679,1607.887,581.7889,98.0
680,1610.253,581.8691,97.0
681,1612.619,581.9492,97.0
682,1614.984,582.0293,96.0
683,1617.348,582.1094,97.0
684,1619.711,582.1894,97.0
685,1622.073,582.2695,95.0
686,1624.435,582.3496,98.0
687,1626.795,582.4297,97.0
688,1629.155,582.5097,97.0
689,1631.513,582.5898,96.0
690,1633.871,582.6698,99.0
691,1636.228,582.7498,95.0
692,1638.584,582.8299,99.0
693,1640.940,582.9099,98.0
694,1643.294,582.9899,98.0
695,1645.647,583.0699,97.0
696,1648.000,583.1499,98.0
697,1650.352,583.2299,98.0
698,1652.703,583.3098,97.0
699,1655.053,583.3898,97.0
700,1657.402,583.4698,99.0
701,1659.750,583.5497,97.0
702,1662.097,583.6297,97.0
703,1664.444,583.7096,96.0
704,1666.789,583.7895,96.0
705,1669.134,583.8695,97.0
706,1671.478,583.9494,98.0
707,1673.821,584.0293,98.0
708,1676.163,584.1092,98.0
709,1678.505,584.1891,97.0
710,1680.845,584.2689,97.0
711,1683.185,584.3488,96.0
712,1685.523,584.4287,98.0
713,1687.861,584.5086,97.0
714,1690.198,584.5884,97.0
715,1692.534,584.6682,96.0
716,1694.869,584.7481,96.0
717,1697.204,584.8279,98.0
718,1699.537,584.9077,96.0
719,1701.870,584.9876,98.0
720,1704.201,585.0674,96.0
721,1706.532,585.1472,97.0
722,1708.862,585.2269,98.0
723,1711.191,585.3067,97.0
724,1713.520,585.3865,98.0
725,1715.847,585.4663,96.0
726,1718.174,585.5460,97.0
727,1720.499,585.6258,97.0
728,1722.824,585.7055,97.0
729,1725.148,585.7853,98.0
730,1727.471,585.8650,98.0
731,1729.794,585.9447,96.0
732,1732.115,586.0244,98.0
733,1734.436,586.1041,97.0
734,1736.755,586.1838,97.0
735,1739.074,586.2635,98.0
736,1741.392,586.3432,98.0
737,1743.709,586.4229,98.0
738,1746.025,586.5025,98.0
739,1748.341,586.5822,96.0
740,1750.655,586.6618,97.0
741,1752.969,586.7415,98.0
742,1755.282,586.8211,96.0
743,1757.594,586.9007,98.0
744,1759.905,586.9803,96.0
745,1762.215,587.0600,95.0
746,1764.525,587.1396,97.0
747,1766.833,587.2192,98.0
748,1769.141,587.2987,98.0
749,1771.448,587.3783,97.0
750,1773.754,587.4579,98.0
751,1776.059,587.5375,97.0
752,1778.363,587.6170,96.0
753,1780.667,587.6966,97.0
754,1782.969,587.7761,96.0
755,1785.271,587.8556,97.0
756,1787.572,587.9351,99.0
757,1789.872,588.0147,97.0
758,1792.171,588.0942,96.0
759,1794.469,588.1737,97.0
760,1796.767,588.2532,96.0
761,1799.063,588.3326,98.0
762,1801.359,588.4121,97.0
763,1803.654,588.4916,97.0
764,1805.948,588.5710,99.0
765,1808.241,588.6505,98.0
766,1810.534,588.7299,96.0
767,1812.825,588.8094,95.0
768,1815.116,588.8888,99.0
769,1817.406,588.9682,96.0
770,1819.695,589.0476,96.0
771,1821.983,589.1270,97.0
772,1824.270,589.2064,98.0
773,1826.557,589.2858,97.0
774,1828.843,589.3652,97.0
775,1831.127,589.4446,97.0
776,1833.411,589.5239,97.0
777,1835.694,589.6033,97.0
778,1837.977,589.6827,97.0
779,1840.258,589.7620,99.0
780,1842.539,589.8413,96.0
781,1844.818,589.9207,98.0
782,1847.097,590.0000,98.0
783,1849.375,590.0793,96.0
784,1851.652,590.1586,97.0
785,1853.929,590.2379,99.0
786,1856.204,590.3172,96.0
787,1858.479,590.3964,96.0
788,1860.753,590.4757,99.0
789,1863.026,590.5550,99.0
790,1865.298,590.6342,98.0
791,1867.569,590.7135,97.0
792,1869.840,590.7927,98.0
793,1872.110,590.8719,99.0
794,1874.378,590.9512,98.0
795,1876.646,591.0304,98.0
796,1878.914,591.1096,97.0
797,1881.180,591.1888,98.0
798,1883.445,591.2680,95.0
799,1885.710,591.3472,96.0
800,1887.974,591.4263,97.0
801,1890.237,591.5055,96.0
802,1892.499,591.5847,97.0
803,1894.760,591.6638,96.0
804,1897.021,591.7429,97.0
805,1899.280,591.8221,96.0
806,1901.539,591.9012,95.0
807,1903.797,591.9803,98.0
808,1906.054,592.0594,97.0
809,1908.311,592.1385,96.0
810,1910.566,592.2176,98.0
811,1912.821,592.2967,98.0
812,1915.075,592.3758,97.0
813,1917.328,592.4549,98.0
814,1919.580,592.5339,97.0
815,1921.831,592.6130,96.0
816,1924.082,592.6920,99.0
817,1926.331,592.7711,98.0
818,1928.580,592.8501,97.0
819,1930.828,592.9291,98.0
820,1933.075,593.0081,95.0
821,1935.322,593.0871,97.0
822,1937.567,593.1661,98.0
823,1939.812,593.2451,98.0
824,1942.056,593.3241,98.0
825,1944.299,593.4031,98.0
826,1946.541,593.4820,98.0
827,1948.783,593.5610,97.0
828,1951.023,593.6400,98.0
829,1953.263,593.7189,96.0
830,1955.502,593.7978,99.0
831,1957.740,593.8768,97.0
832,1959.977,593.9557,98.0
833,1962.214,594.0346,98.0
834,1964.449,594.1135,96.0
835,1966.684,594.1924,97.0
836,1968.918,594.2713,97.0
837,1971.152,594.3501,98.0
838,1973.384,594.4290,97.0
839,1975.615,594.5079,97.0
840,1977.846,594.5867,98.0
841,1980.076,594.6656,98.0
842,1982.305,594.7444,97.0
843,1984.533,594.8232,97.0
844,1986.761,594.9021,99.0
845,1988.988,594.9809,97.0
846,1991.213,595.0597,97.0
847,1993.438,595.1385,98.0
848,1995.663,595.2173,98.0
849,1997.886,595.2960,98.0
850,2000.108,595.3748,96.0
851,2002.330,595.4536,96.0
852,2004.551,595.5323,97.0
853,2006.771,595.6111,97.0
854,2008.991,595.6898,97.0
855,2011.209,595.7686,96.0
856,2013.427,595.8473,99.0
857,2015.644,595.9260,97.0
858,2017.860,596.0047,97.0
859,2020.075,596.0834,98.0
860,2022.289,596.1621,97.0
861,2024.503,596.2408,97.0
862,2026.716,596.3195,96.0
863,2028.928,596.3981,96.0
864,2031.139,596.4768,96.0
865,2033.349,596.5554,99.0
866,2035.559,596.6341,97.0
867,2037.767,596.7127,96.0
868,2039.975,596.7913,96.0
869,2042.182,596.8700,96.0
870,2044.389,596.9486,97.0
871,2046.594,597.0272,96.0
872,2048.799,597.1058,97.0
873,2051.003,597.1844,96.0
874,2053.206,597.2629,95.0
875,2055.408,597.3415,96.0
876,2057.609,597.4201,98.0
877,2059.810,597.4986,97.0
878,2062.010,597.5772,96.0
879,2064.209,597.6557,96.0
880,2066.407,597.7342,96.0
881,2068.605,597.8128,97.0
882,2070.801,597.8913,96.0
883,2072.997,597.9698,97.0
884,2075.192,598.0483,98.0
885,2077.386,598.1268,97.0
886,2079.580,598.2052,97.0
887,2081.772,598.2837,96.0
888,2083.964,598.3622,97.0
889,2086.155,598.4406,98.0
890,2088.345,598.5191,97.0
891,2090.535,598.5975,97.0
892,2092.723,598.6759,98.0
893,2094.911,598.7544,98.0
894,2097.098,598.8328,98.0
895,2099.284,598.9112,98.0
896,2101.470,598.9896,98.0
897,2103.654,599.0680,97.0
898,2105.838,599.1464,98.0
899,2108.021,599.2247,97.0
900,2110.203,599.3031,97.0
901,2112.385,599.3815,97.0
902,2114.565,599.4598,98.0
903,2116.745,599.5382,97.0
904,2118.924,599.6165,97.0
905,2121.102,599.6948,97.0
906,2123.280,599.7731,96.0
907,2125.456,599.8514,97.0
908,2127.632,599.9297,97.0
909,2129.807,600.0080,96.0
910,2131.981,600.0863,98.0
911,2134.155,600.1646,96.0
912,2136.327,600.2429,98.0
913,2138.499,600.3211,98.0
914,2140.670,600.3994,98.0
915,2142.840,600.4776,96.0
916,2145.010,600.5559,97.0
917,2147.179,600.6341,97.0
918,2149.346,600.7123,97.0
919,2151.513,600.7905,97.0
920,2153.680,600.8687,96.0
921,2155.845,600.9469,96.0
922,2158.010,601.0251,97.0
923,2160.174,601.1033,97.0
924,2162.337,601.1814,98.0
925,2164.499,601.2596,97.0
926,2166.661,601.3377,96.0
927,2168.822,601.4159,98.0
928,2170.982,601.4940,98.0
929,2173.141,601.5722,97.0
930,2175.299,601.6503,96.0
931,2177.457,601.7284,97.0
932,2179.614,601.8065,98.0
933,2181.770,601.8846,99.0
934,2183.925,601.9627,97.0
935,2186.079,602.0408,95.0
936,2188.233,602.1188,96.0
937,2190.386,602.1969,98.0
938,2192.538,602.2749,97.0
939,2194.689,602.3530,96.0
940,2196.840,602.4310,100.0
941,2198.990,602.5091,95.0
942,2201.139,602.5871,95.0
943,2203.287,602.6651,97.0
944,2205.434,602.7431,96.0
945,2207.581,602.8211,96.0
946,2209.727,602.8991,99.0
947,2211.872,602.9771,97.0
948,2214.016,603.0550,95.0
949,2216.159,603.1330,96.0
950,2218.302,603.2109,96.0
951,2220.444,603.2889,95.0
952,2222.585,603.3668,97.0
953,2224.725,603.4448,97.0
954,2226.865,603.5227,95.0
955,2229.004,603.6006,96.0
956,2231.142,603.6785,97.0
957,2233.279,603.7564,99.0
958,2235.415,603.8343,97.0
959,2237.551,603.9122,97.0
960,2239.686,603.9900,98.0
961,2241.820,604.0679,97.0
962,2243.954,604.1458,97.0
963,2246.086,604.2236,96.0
964,2248.218,604.3014,97.0
965,2250.349,604.3793,97.0
966,2252.479,604.4571,96.0
967,2254.609,604.5349,95.0
968,2256.737,604.6127,97.0
969,2258.865,604.6905,96.0
970,2260.992,604.7683,96.0
971,2263.119,604.8461,99.0
972,2265.244,604.9239,98.0
973,2267.369,605.0016,96.0
974,2269.493,605.0794,98.0
975,2271.616,605.1571,96.0
976,2273.739,605.2349,98.0
977,2275.861,605.3126,97.0
978,2277.982,605.3903,97.0
979,2280.102,605.4680,97.0
980,2282.221,605.5457,96.0
981,2284.340,605.6234,96.0
982,2286.458,605.7011,97.0
983,2288.575,605.7788,98.0
984,2290.691,605.8565,96.0
985,2292.807,605.9341,97.0
986,2294.921,606.0118,97.0
987,2297.035,606.0894,97.0
988,2299.149,606.1671,97.0
989,2301.261,606.2447,98.0
990,2303.373,606.3223,96.0
991,2305.484,606.3999,96.0
992,2307.594,606.4776,97.0
993,2309.703,606.5551,99.0
994,2311.812,606.6327,97.0
995,2313.920,606.7103,96.0
996,2316.027,606.7879,96.0
997,2318.133,606.8655,97.0
998,2320.239,606.9430,99.0
999,2322.344,607.0206,95.0
1000,2324.448,607.0981,97.0
1001,2326.551,607.1756,98.0
1002,2328.654,607.2531,96.0
1003,2330.755,607.3307,96.0
1004,2332.856,607.4082,97.0
1005,2334.957,607.4857,98.0
1006,2337.056,607.5632,98.0
1007,2339.155,607.6406,96.0
1008,2341.253,607.7181,99.0
1009,2343.350,607.7956,96.0
1010,2345.446,607.8730,97.0
1011,2347.542,607.9505,96.0
1012,2349.637,608.0279,96.0
1013,2351.731,608.1053,97.0
1014,2353.825,608.1828,98.0
1015,2355.917,608.2602,98.0
1016,2358.009,608.3376,97.0
1017,2360.100,608.4150,96.0
1018,2362.190,608.4924,97.0
1019,2364.280,608.5697,98.0
1020,2366.369,608.6471,97.0
1021,2368.457,608.7245,97.0
1022,2370.544,608.8018,97.0
1023,2372.631,608.8792,97.0
