# laser_power_pct,5.0
# exposure_time,1.00002
# laser_nm,532.021
# mode,single
pixel_index,raman_shift_cm-1,wavelength_nm,intensity
0,-225.296,525.7196,98.0
1,-222.228,525.8044,99.0
2,-219.160,525.8892,100.0
3,-216.094,525.9741,99.0
4,-213.029,526.0589,99.0
5,-209.965,526.1437,100.0
6,-206.902,526.2285,97.0
7,-203.840,526.3133,99.0
8,-200.780,526.3981,99.0
9,-197.721,526.4828,98.0
10,-194.663,526.5676,99.0
11,-191.606,526.6524,98.0
12,-188.551,526.7371,99.0
13,-185.497,526.8219,98.0
14,-182.444,526.9066,98.0
15,-179.392,526.9914,99.0
16,-176.341,527.0761,99.0
17,-173.292,527.1609,99.0
18,-170.243,527.2456,98.0
19,-167.196,527.3303,96.0
20,-164.150,527.4150,99.0
21,-161.106,527.4997,97.0
22,-158.062,527.5844,100.0
23,-155.020,527.6691,97.0
24,-151.979,527.7538,98.0
25,-148.939,527.8385,100.0
26,-145.900,527.9232,98.0
27,-142.862,528.0078,97.0
28,-139.826,528.0925,98.0
29,-136.791,528.1772,101.0
30,-133.757,528.2618,98.0
31,-130.724,528.3465,99.0
32,-127.693,528.4311,97.0
33,-124.662,528.5157,99.0
34,-121.633,528.6004,96.0
35,-118.605,528.6850,100.0
36,-115.578,528.7696,99.0
37,-112.553,528.8542,97.0
38,-109.528,528.9388,101.0
39,-106.505,529.0234,98.0
40,-103.483,529.1080,99.0
41,-100.462,529.1926,97.0
42,-97.442,529.2772,97.0
43,-94.424,529.3617,99.0
44,-91.406,529.4463,97.0
45,-88.390,529.5309,99.0
46,-85.375,529.6154,98.0
47,-82.361,529.7000,98.0
48,-79.349,529.7845,99.0
49,-76.337,529.8690,99.0
50,-73.327,529.9536,99.0
51,-70.318,530.0381,98.0
52,-67.310,530.1226,98.0
53,-64.304,530.2071,98.0
54,-61.298,530.2916,97.0
55,-58.294,530.3761,96.0
56,-55.290,530.4606,98.0
57,-52.288,530.5451,99.0
58,-49.288,530.6296,98.0
59,-46.288,530.7141,98.0
60,-43.289,530.7985,97.0
61,-40.292,530.8830,98.0
62,-37.296,530.9674,99.0
63,-34.301,531.0519,98.0
64,-31.307,531.1363,102.0
65,-28.315,531.2208,105.0
66,-25.323,531.3052,128.0
67,-22.333,531.3896,114.0
68,-19.344,531.4740,102.0
69,-16.356,531.5585,98.0
70,-13.369,531.6429,100.0
71,-10.384,531.7273,99.0
72,-7.399,531.8117,98.0
73,-4.416,531.8960,98.0
74,-1.434,531.9804,96.0
75,1.547,532.0648,98.0
76,4.527,532.1492,99.0
77,7.506,532.2335,99.0
78,10.483,532.3179,100.0
79,13.459,532.4022,99.0
80,16.434,532.4866,100.0
81,19.408,532.5709,99.0
82,22.381,532.6552,99.0
83,25.353,532.7396,99.0
84,28.323,532.8239,99.0
85,31.293,532.9082,100.0
86,34.261,532.9925,97.0
87,37.228,533.0768,96.0
88,40.193,533.1611,99.0
89,43.158,533.2454,98.0
90,46.122,533.3297,97.0
91,49.084,533.4139,97.0
92,52.045,533.4982,99.0
93,55.005,533.5825,98.0
94,57.964,533.6667,98.0
95,60.922,533.7510,98.0
96,63.878,533.8352,100.0
97,66.834,533.9195,99.0
98,69.788,534.0037,100.0
99,72.741,534.0879,99.0
100,75.693,534.1721,102.0
101,78.644,534.2563,104.0
102,81.594,534.3405,105.0
103,84.542,534.4247,102.0
104,87.490,534.5089,103.0
105,90.436,534.5931,103.0
106,93.381,534.6773,103.0
107,96.325,534.7615,104.0
108,99.268,534.8457,102.0
109,102.209,534.9298,103.0
110,105.150,535.0140,104.0
111,108.089,535.0981,107.0
112,111.027,535.1823,105.0
113,113.964,535.2664,106.0
114,116.900,535.3505,104.0
115,119.835,535.4346,105.0
116,122.769,535.5188,104.0
117,125.701,535.6029,106.0
118,128.632,535.6870,103.0
119,131.562,535.7711,104.0
120,134.492,535.8552,103.0
121,137.419,535.9393,104.0
122,140.346,536.0233,105.0
123,143.272,536.1074,105.0
124,146.196,536.1915,105.0
125,149.120,536.2755,105.0
126,152.042,536.3596,106.0
127,154.963,536.4436,104.0
128,157.883,536.5277,104.0
129,160.802,536.6117,104.0
130,163.719,536.6957,104.0
131,166.636,536.7798,103.0
132,169.551,536.8638,106.0
133,172.466,536.9478,106.0
134,175.379,537.0318,106.0
135,178.291,537.1158,104.0
136,181.202,537.1998,104.0
137,184.111,537.2838,104.0
138,187.020,537.3677,106.0
139,189.927,537.4517,104.0
140,192.834,537.5357,104.0
141,195.739,537.6196,107.0
142,198.643,537.7036,105.0
143,201.546,537.7875,104.0
144,204.448,537.8715,104.0
145,207.348,537.9554,105.0
146,210.248,538.0393,105.0
147,213.146,538.1232,105.0
148,216.044,538.2071,104.0
149,218.940,538.2910,108.0
150,221.835,538.3749,104.0
151,224.729,538.4588,104.0
152,227.622,538.5427,105.0
153,230.513,538.6266,108.0
154,233.404,538.7105,105.0
155,236.293,538.7944,107.0
156,239.182,538.8782,108.0
157,242.069,538.9621,108.0
158,244.955,539.0459,106.0
159,247.840,539.1298,107.0
160,250.724,539.2136,106.0
161,253.607,539.2974,105.0
162,256.488,539.3812,107.0
163,259.369,539.4651,107.0
164,262.248,539.5489,107.0
165,265.126,539.6327,107.0
166,268.004,539.7165,107.0
167,270.880,539.8003,107.0
168,273.754,539.8840,109.0
169,276.628,539.9678,109.0
170,279.501,540.0516,106.0
171,282.373,540.1354,106.0
172,285.243,540.2191,107.0
173,288.112,540.3029,110.0
174,290.981,540.3866,105.0
175,293.848,540.4703,108.0
176,296.714,540.5541,105.0
177,299.579,540.6378,106.0
178,302.442,540.7215,103.0
179,305.305,540.8052,106.0
180,308.167,540.8889,108.0
181,311.027,540.9726,107.0
182,313.886,541.0563,105.0
183,316.745,541.1400,108.0
184,319.602,541.2237,106.0
185,322.458,541.3074,105.0
186,325.313,541.3910,105.0
187,328.167,541.4747,104.0
188,331.019,541.5583,108.0
189,333.871,541.6420,109.0
190,336.722,541.7256,106.0
191,339.571,541.8093,107.0
192,342.419,541.8929,107.0
193,345.266,541.9765,108.0
194,348.113,542.0601,110.0
195,350.958,542.1437,107.0
196,353.801,542.2273,108.0
197,356.644,542.3109,107.0
198,359.486,542.3945,107.0
199,362.327,542.4781,104.0
200,365.166,542.5617,104.0
201,368.004,542.6452,107.0
202,370.842,542.7288,105.0
203,373.678,542.8124,107.0
204,376.513,542.8959,105.0
205,379.347,542.9794,106.0
206,382.180,543.0630,107.0
207,385.012,543.1465,108.0
208,387.843,543.2300,107.0
209,390.672,543.3135,111.0
210,393.501,543.3971,107.0
211,396.328,543.4806,107.0
212,399.155,543.5641,107.0
213,401.980,543.6475,107.0
214,404.804,543.7310,106.0
215,407.627,543.8145,107.0
216,410.449,543.8980,105.0
217,413.270,543.9814,107.0
218,416.090,544.0649,107.0
219,418.909,544.1483,108.0
220,421.726,544.2318,106.0
221,424.543,544.3152,107.0
222,427.358,544.3986,107.0
223,430.173,544.4821,107.0
224,432.986,544.5655,107.0
225,435.798,544.6489,106.0
226,438.609,544.7323,106.0
227,441.419,544.8157,106.0
228,444.228,544.8991,107.0
229,447.036,544.9825,109.0
230,449.843,545.0658,108.0
231,452.649,545.1492,106.0
232,455.453,545.2326,107.0
233,458.257,545.3159,109.0
234,461.059,545.3993,107.0
235,463.861,545.4826,107.0
236,466.661,545.5660,108.0
237,469.460,545.6493,109.0
238,472.259,545.7326,107.0
239,475.056,545.8159,105.0
240,477.852,545.8992,106.0
241,480.647,545.9825,109.0
242,483.440,546.0658,107.0
243,486.233,546.1491,110.0
244,489.025,546.2324,109.0
245,491.815,546.3157,111.0
246,494.605,546.3990,114.0
247,497.393,546.4822,116.0
248,500.181,546.5655,131.0
249,502.967,546.6487,146.0
250,505.752,546.7320,167.0
251,508.537,546.8152,213.0
252,511.320,546.8984,224.0
253,514.102,546.9817,168.0
254,516.883,547.0649,131.0
255,519.663,547.1481,118.0
256,522.441,547.2313,110.0
257,525.219,547.3145,112.0
258,527.996,547.3977,110.0
259,530.771,547.4808,108.0
260,533.546,547.5640,109.0
261,536.319,547.6472,108.0
262,539.092,547.7304,111.0
263,541.863,547.8135,110.0
264,544.633,547.8967,106.0
265,547.403,547.9798,108.0
266,550.171,548.0629,108.0
267,552.938,548.1461,109.0
268,555.704,548.2292,109.0
269,558.469,548.3123,111.0
270,561.233,548.3954,108.0
271,563.996,548.4785,108.0
272,566.757,548.5616,107.0
273,569.518,548.6447,108.0
274,572.278,548.7278,108.0
275,575.036,548.8108,109.0
276,577.794,548.8939,107.0
277,580.550,548.9770,108.0
278,583.306,549.0600,109.0
279,586.060,549.1431,106.0
280,588.813,549.2261,108.0
281,591.566,549.3092,108.0
282,594.317,549.3922,107.0
283,597.067,549.4752,107.0
284,599.816,549.5582,108.0
285,602.564,549.6412,109.0
286,605.311,549.7242,105.0
287,608.057,549.8072,110.0
288,610.802,549.8902,109.0
289,613.546,549.9732,107.0
290,616.288,550.0561,107.0
291,619.030,550.1391,107.0
292,621.771,550.2221,106.0
293,624.510,550.3050,107.0
294,627.249,550.3880,110.0
295,629.986,550.4709,109.0
296,632.723,550.5538,110.0
297,635.458,550.6368,107.0
298,638.192,550.7197,109.0
299,640.926,550.8026,107.0
300,643.658,550.8855,107.0
301,646.389,550.9684,108.0
302,649.119,551.0513,108.0
303,651.848,551.1342,106.0
304,654.576,551.2170,109.0
305,657.304,551.2999,110.0
306,660.029,551.3828,107.0
307,662.754,551.4656,107.0
308,665.478,551.5485,104.0
309,668.201,551.6313,110.0
310,670.923,551.7142,109.0
311,673.644,551.7970,104.0
312,676.363,551.8798,108.0
313,679.082,551.9626,111.0
314,681.800,552.0454,108.0
315,684.516,552.1282,108.0
316,687.232,552.2110,107.0
317,689.946,552.2938,110.0
318,692.660,552.3766,108.0
319,695.372,552.4594,108.0
320,698.084,552.5421,109.0
321,700.794,552.6249,110.0
322,703.503,552.7077,105.0
323,706.212,552.7904,112.0
324,708.919,552.8731,112.0
325,711.625,552.9559,108.0
326,714.330,553.0386,109.0
327,717.034,553.1213,108.0
328,719.737,553.2040,107.0
329,722.439,553.2867,106.0
330,725.141,553.3694,111.0
331,727.841,553.4521,108.0
332,730.539,553.5348,110.0
333,733.237,553.6175,108.0
334,735.934,553.7002,109.0
335,738.630,553.7828,108.0
336,741.325,553.8655,108.0
337,744.019,553.9481,109.0
338,746.712,554.0308,109.0
339,749.403,554.1134,110.0
340,752.094,554.1960,107.0
341,754.784,554.2787,112.0
342,757.473,554.3613,109.0
343,760.160,554.4439,109.0
344,762.847,554.5265,108.0
345,765.532,554.6091,108.0
346,768.217,554.6917,109.0
347,770.900,554.7742,108.0
348,773.583,554.8568,109.0
349,776.264,554.9394,110.0
350,778.945,555.0219,108.0
351,781.624,555.1045,110.0
352,784.303,555.1870,111.0
353,786.980,555.2696,109.0
354,789.657,555.3521,109.0
355,792.332,555.4346,108.0
356,795.006,555.5172,109.0
357,797.680,555.5997,108.0
358,800.352,555.6822,108.0
359,803.023,555.7647,109.0
360,805.693,555.8472,107.0
361,808.363,555.9296,108.0
362,811.031,556.0121,111.0
363,813.698,556.0946,108.0
364,816.364,556.1770,110.0
365,819.029,556.2595,110.0
366,821.694,556.3419,109.0
367,824.357,556.4244,109.0
368,827.019,556.5068,108.0
369,829.680,556.5892,109.0
370,832.340,556.6717,108.0
371,834.999,556.7541,109.0
372,837.657,556.8365,108.0
373,840.314,556.9189,110.0
374,842.970,557.0013,108.0
375,845.625,557.0837,108.0
376,848.279,557.1660,110.0
377,850.932,557.2484,109.0
378,853.584,557.3308,108.0
379,856.235,557.4131,106.0
380,858.885,557.4955,110.0
381,861.534,557.5778,108.0
382,864.182,557.6602,107.0
383,866.829,557.7425,109.0
384,869.475,557.8248,108.0
385,872.120,557.9071,110.0
386,874.764,557.9894,112.0
387,877.407,558.0717,112.0
388,880.049,558.1540,109.0
389,882.690,558.2363,111.0
390,885.330,558.3186,112.0
391,887.969,558.4009,112.0
392,890.607,558.4831,113.0
393,893.243,558.5654,111.0
394,895.879,558.6476,111.0
395,898.514,558.7299,111.0
396,901.148,558.8121,112.0
397,903.781,558.8943,108.0
398,906.413,558.9766,110.0
399,909.044,559.0588,110.0
400,911.674,559.1410,110.0
401,914.303,559.2232,110.0
402,916.930,559.3054,110.0
403,919.557,559.3876,111.0
404,922.183,559.4698,110.0
405,924.808,559.5519,113.0
406,927.432,559.6341,115.0
407,930.055,559.7162,111.0
408,932.677,559.7984,115.0
409,935.298,559.8805,113.0
410,937.918,559.9627,114.0
411,940.536,560.0448,113.0
412,943.154,560.1269,116.0
413,945.771,560.2090,117.0
414,948.387,560.2912,113.0
415,951.002,560.3733,115.0
416,953.616,560.4554,113.0
417,956.229,560.5374,114.0
418,958.841,560.6195,115.0
419,961.452,560.7016,112.0
420,964.062,560.7837,112.0
421,966.671,560.8657,113.0
422,969.279,560.9478,113.0
423,971.886,561.0298,114.0
424,974.492,561.1119,117.0
425,977.097,561.1939,115.0
426,979.701,561.2759,115.0
427,982.304,561.3579,113.0
428,984.906,561.4399,115.0
429,987.507,561.5219,113.0
430,990.107,561.6039,112.0
431,992.706,561.6859,111.0
432,995.305,561.7679,114.0
433,997.902,561.8499,114.0
434,1000.498,561.9318,111.0
435,1003.093,562.0138,110.0
436,1005.687,562.0957,110.0
437,1008.280,562.1777,110.0
438,1010.873,562.2596,112.0
439,1013.464,562.3416,110.0
440,1016.054,562.4235,109.0
441,1018.643,562.5054,114.0
442,1021.232,562.5873,111.0
443,1023.819,562.6692,109.0
444,1026.405,562.7511,113.0
445,1028.991,562.8330,112.0
446,1031.575,562.9149,111.0
447,1034.158,562.9967,110.0
448,1036.741,563.0786,111.0
449,1039.322,563.1605,110.0
450,1041.903,563.2423,112.0
451,1044.482,563.3242,111.0
452,1047.061,563.4060,112.0
453,1049.638,563.4878,113.0
454,1052.215,563.5696,109.0
455,1054.790,563.6515,112.0
456,1057.365,563.7333,112.0
457,1059.938,563.8151,110.0
458,1062.511,563.8969,108.0
459,1065.083,563.9786,112.0
460,1067.653,564.0604,111.0
461,1070.223,564.1422,111.0
462,1072.792,564.2240,111.0
463,1075.360,564.3057,110.0
464,1077.927,564.3875,112.0
465,1080.492,564.4692,110.0
466,1083.057,564.5509,110.0
467,1085.621,564.6327,110.0
468,1088.184,564.7144,108.0
469,1090.746,564.7961,112.0
470,1093.307,564.8778,111.0
471,1095.867,564.9595,109.0
472,1098.426,565.0412,112.0
473,1100.984,565.1229,110.0
474,1103.541,565.2046,111.0
475,1106.097,565.2862,110.0
476,1108.653,565.3679,113.0
477,1111.207,565.4496,111.0
478,1113.760,565.5312,111.0
479,1116.312,565.6128,112.0
480,1118.864,565.6945,111.0
481,1121.414,565.7761,107.0
482,1123.964,565.8577,110.0
483,1126.512,565.9393,111.0
484,1129.059,566.0209,110.0
485,1131.606,566.1025,110.0
486,1134.152,566.1841,110.0
487,1136.696,566.2657,110.0
488,1139.240,566.3473,113.0
489,1141.782,566.4288,110.0
490,1144.324,566.5104,114.0
491,1146.865,566.5920,111.0
492,1149.405,566.6735,111.0
493,1151.944,566.7550,112.0
494,1154.481,566.8366,113.0
495,1157.018,566.9181,109.0
496,1159.554,566.9996,114.0
497,1162.089,567.0811,114.0
498,1164.623,567.1626,111.0
499,1167.157,567.2441,110.0
500,1169.689,567.3256,112.0
501,1172.220,567.4071,111.0
502,1174.750,567.4886,113.0
503,1177.279,567.5700,114.0
504,1179.808,567.6515,112.0
505,1182.335,567.7329,111.0
506,1184.861,567.8144,112.0
507,1187.387,567.8958,113.0
508,1189.911,567.9772,113.0
509,1192.435,568.0587,110.0
510,1194.958,568.1401,111.0
511,1197.479,568.2215,112.0
512,1200.000,568.3029,115.0
513,1202.520,568.3843,112.0
514,1205.039,568.4657,114.0
515,1207.556,568.5470,112.0
516,1210.073,568.6284,113.0
517,1212.589,568.7098,112.0
518,1215.104,568.7911,113.0
519,1217.618,568.8725,110.0
520,1220.132,568.9538,112.0
521,1222.644,569.0352,115.0
522,1225.155,569.1165,113.0
523,1227.665,569.1978,113.0
524,1230.175,569.2791,112.0
525,1232.683,569.3604,112.0
526,1235.190,569.4417,112.0
527,1237.697,569.5230,112.0
528,1240.202,569.6043,111.0
529,1242.707,569.6855,114.0
530,1245.211,569.7668,113.0
531,1247.714,569.8481,111.0
532,1250.215,569.9293,112.0
533,1252.716,570.0106,112.0
534,1255.216,570.0918,115.0
535,1257.715,570.1730,111.0
536,1260.213,570.2543,117.0
537,1262.710,570.3355,117.0
538,1265.206,570.4167,113.0
539,1267.702,570.4979,115.0
540,1270.196,570.5791,113.0
541,1272.689,570.6603,114.0
542,1275.182,570.7414,115.0
543,1277.673,570.8226,114.0
544,1280.164,570.9038,114.0
545,1282.653,570.9849,115.0
546,1285.142,571.0661,117.0
547,1287.630,571.1472,115.0
548,1290.116,571.2283,113.0
549,1292.602,571.3095,114.0
550,1295.087,571.3906,115.0
551,1297.571,571.4717,113.0
552,1300.054,571.5528,116.0
553,1302.536,571.6339,111.0
554,1305.018,571.7150,111.0
555,1307.498,571.7961,112.0
556,1309.977,571.8771,114.0
557,1312.455,571.9582,117.0
558,1314.933,572.0393,117.0
559,1317.409,572.1203,117.0
560,1319.885,572.2014,118.0
561,1322.360,572.2824,119.0
562,1324.834,572.3634,117.0
563,1327.306,572.4444,117.0
564,1329.778,572.5255,118.0
565,1332.249,572.6065,116.0
566,1334.719,572.6875,115.0
567,1337.188,572.7685,117.0
568,1339.657,572.8494,116.0
569,1342.124,572.9304,117.0
570,1344.590,573.0114,117.0
571,1347.056,573.0923,116.0
572,1349.520,573.1733,119.0
573,1351.984,573.2542,118.0
574,1354.446,573.3352,117.0
575,1356.908,573.4161,117.0
576,1359.369,573.4970,118.0
577,1361.829,573.5779,115.0
578,1364.287,573.6589,118.0
579,1366.746,573.7398,118.0
580,1369.203,573.8207,115.0
581,1371.659,573.9015,118.0
582,1374.114,573.9824,115.0
583,1376.568,574.0633,115.0
584,1379.022,574.1442,117.0
585,1381.474,574.2250,114.0
586,1383.926,574.3059,113.0
587,1386.377,574.3867,114.0
588,1388.826,574.4675,115.0
589,1391.275,574.5484,116.0
590,1393.723,574.6292,113.0
591,1396.170,574.7100,112.0
592,1398.616,574.7908,115.0
593,1401.061,574.8716,117.0
594,1403.506,574.9524,115.0
595,1405.949,575.0332,112.0
596,1408.391,575.1139,114.0
597,1410.833,575.1947,116.0
598,1413.273,575.2754,116.0
599,1415.713,575.3562,112.0
600,1418.152,575.4369,112.0
601,1420.590,575.5177,112.0
602,1423.027,575.5984,113.0
603,1425.463,575.6791,111.0
604,1427.898,575.7598,116.0
605,1430.332,575.8405,117.0
606,1432.765,575.9212,113.0
607,1435.198,576.0019,113.0
608,1437.629,576.0826,116.0
609,1440.060,576.1633,116.0
610,1442.489,576.2440,117.0
611,1444.918,576.3246,116.0
612,1447.346,576.4053,114.0
613,1449.773,576.4859,112.0
614,1452.199,576.5665,117.0
615,1454.624,576.6472,115.0
616,1457.048,576.7278,116.0
617,1459.471,576.8084,115.0
618,1461.894,576.8890,114.0
619,1464.315,576.9696,117.0
620,1466.736,577.0502,116.0
621,1469.156,577.1308,114.0
622,1471.574,577.2114,113.0
623,1473.992,577.2919,114.0
624,1476.409,577.3725,116.0
625,1478.825,577.4530,113.0
626,1481.240,577.5336,114.0
627,1483.655,577.6141,112.0
628,1486.068,577.6947,115.0
629,1488.480,577.7752,115.0
630,1490.892,577.8557,113.0
631,1493.303,577.9362,116.0
632,1495.712,578.0167,115.0
633,1498.121,578.0972,115.0
634,1500.529,578.1777,115.0
635,1502.936,578.2582,112.0
636,1505.343,578.3386,113.0
637,1507.748,578.4191,114.0
638,1510.152,578.4995,112.0
639,1512.556,578.5800,111.0
640,1514.958,578.6604,114.0
641,1517.360,578.7409,114.0
642,1519.761,578.8213,112.0
643,1522.161,578.9017,114.0
644,1524.560,578.9821,115.0
645,1526.958,579.0625,112.0
646,1529.355,579.1429,112.0
647,1531.751,579.2233,113.0
648,1534.147,579.3037,114.0
649,1536.541,579.3840,114.0
650,1538.935,579.4644,113.0
651,1541.327,579.5447,114.0
652,1543.719,579.6251,116.0
653,1546.110,579.7054,115.0
654,1548.500,579.7858,114.0
655,1550.889,579.8661,112.0
656,1553.278,579.9464,113.0
657,1555.665,580.0267,115.0
658,1558.052,580.1070,115.0
659,1560.437,580.1873,111.0
660,1562.822,580.2676,114.0
661,1565.206,580.3479,113.0
662,1567.589,580.4281,117.0
663,1569.971,580.5084,112.0
664,1572.352,580.5887,113.0
665,1574.732,580.6689,114.0
666,1577.112,580.7491,115.0
667,1579.490,580.8294,112.0
668,1581.868,580.9096,116.0
669,1584.245,580.9898,113.0
670,1586.620,581.0700,114.0
671,1588.995,581.1502,114.0
672,1591.370,581.2304,114.0
673,1593.743,581.3106,114.0
674,1596.115,581.3908,113.0
675,1598.486,581.4709,114.0
676,1600.857,581.5511,109.0
677,1603.227,581.6313,113.0
678,1605.596,581.7114,112.0
679,1607.963,581.7915,115.0
680,1610.330,581.8717,115.0
681,1612.697,581.9518,112.0
682,1615.062,582.0319,114.0
683,1617.426,582.1120,116.0
684,1619.790,582.1921,112.0
685,1622.152,582.2722,113.0
686,1624.514,582.3523,115.0
687,1626.875,582.4324,113.0
688,1629.235,582.5124,113.0
689,1631.594,582.5925,115.0
690,1633.952,582.6726,113.0
691,1636.310,582.7526,113.0
692,1638.666,582.8326,112.0
693,1641.022,582.9127,112.0
694,1643.377,582.9927,113.0
695,1645.731,583.0727,114.0
696,1648.084,583.1527,118.0
697,1650.436,583.2327,115.0
698,1652.787,583.3127,115.0
699,1655.137,583.3927,113.0
700,1657.487,583.4727,117.0
701,1659.835,583.5526,111.0
702,1662.183,583.6326,114.0
703,1664.530,583.7125,115.0
704,1666.876,583.7925,114.0
705,1669.221,583.8724,114.0
706,1671.565,583.9523,112.0
707,1673.909,584.0323,114.0
708,1676.251,584.1122,113.0
709,1678.593,584.1921,112.0
710,1680.934,584.2720,112.0
711,1683.274,584.3519,115.0
712,1685.613,584.4318,114.0
713,1687.951,584.5116,113.0
714,1690.288,584.5915,114.0
715,1692.625,584.6714,112.0
716,1694.960,584.7512,112.0
717,1697.295,584.8310,113.0
718,1699.629,584.9109,115.0
719,1701.962,584.9907,114.0
720,1704.294,585.0705,116.0
721,1706.625,585.1503,116.0
722,1708.956,585.2301,112.0
723,1711.285,585.3099,115.0
724,1713.614,585.3897,113.0
725,1715.942,585.4695,114.0
726,1718.269,585.5493,114.0
727,1720.595,585.6290,117.0
728,1722.920,585.7088,114.0
729,1725.244,585.7885,115.0
730,1727.568,585.8683,114.0
731,1729.890,585.9480,114.0
732,1732.212,586.0277,116.0
733,1734.533,586.1075,114.0
734,1736.853,586.1872,115.0
735,1739.172,586.2669,114.0
736,1741.491,586.3466,113.0
737,1743.808,586.4263,112.0
738,1746.125,586.5059,114.0
739,1748.440,586.5856,115.0
740,1750.755,586.6653,112.0
741,1753.069,586.7449,113.0
742,1755.383,586.8246,113.0
743,1757.695,586.9042,112.0
744,1760.006,586.9838,114.0
745,1762.317,587.0635,114.0
746,1764.627,587.1431,113.0
747,1766.936,587.2227,113.0
748,1769.244,587.3023,114.0
749,1771.551,587.3819,115.0
750,1773.857,587.4615,114.0
751,1776.163,587.5410,113.0
752,1778.467,587.6206,114.0
753,1780.771,587.7002,115.0
754,1783.074,587.7797,114.0
755,1785.376,587.8593,114.0
756,1787.677,587.9388,112.0
757,1789.978,588.0183,113.0
758,1792.277,588.0978,116.0
759,1794.576,588.1774,113.0
760,1796.874,588.2569,114.0
761,1799.171,588.3364,115.0
762,1801.467,588.4158,113.0
763,1803.762,588.4953,115.0
764,1806.057,588.5748,114.0
765,1808.350,588.6543,115.0
766,1810.643,588.7337,114.0
767,1812.935,588.8132,114.0
768,1815.226,588.8926,114.0
769,1817.516,588.9720,113.0
770,1819.805,589.0515,113.0
771,1822.094,589.1309,112.0
772,1824.381,589.2103,112.0
773,1826.668,589.2897,115.0
774,1828.954,589.3691,114.0
775,1831.239,589.4485,115.0
776,1833.524,589.5279,116.0
777,1835.807,589.6072,115.0
778,1838.090,589.6866,115.0
779,1840.371,589.7659,112.0
780,1842.652,589.8453,113.0
781,1844.932,589.9246,113.0
782,1847.212,590.0040,115.0
783,1849.490,590.0833,116.0
784,1851.768,590.1626,115.0
785,1854.044,590.2419,116.0
786,1856.320,590.3212,111.0
787,1858.595,590.4005,114.0
788,1860.869,590.4798,114.0
789,1863.143,590.5590,112.0
790,1865.415,590.6383,113.0
791,1867.687,590.7176,115.0
792,1869.958,590.7968,116.0
793,1872.228,590.8761,116.0
794,1874.497,590.9553,112.0
795,1876.765,591.0345,115.0
796,1879.033,591.1137,114.0
797,1881.299,591.1929,113.0
798,1883.565,591.2722,116.0
799,1885.830,591.3513,114.0
800,1888.094,591.4305,114.0
801,1890.357,591.5097,115.0
802,1892.620,591.5889,115.0
803,1894.881,591.6680,113.0
804,1897.142,591.7472,115.0
805,1899.402,591.8263,116.0
806,1901.661,591.9055,113.0
807,1903.920,591.9846,116.0
808,1906.177,592.0637,114.0
809,1908.434,592.1429,115.0
810,1910.690,592.2220,115.0
811,1912.944,592.3011,115.0
812,1915.199,592.3801,115.0
813,1917.452,592.4592,112.0
814,1919.704,592.5383,115.0
815,1921.956,592.6174,117.0
816,1924.207,592.6964,118.0
817,1926.457,592.7755,113.0
818,1928.706,592.8545,114.0
819,1930.954,592.9336,115.0
820,1933.202,593.0126,115.0
821,1935.449,593.0916,114.0
822,1937.694,593.1706,115.0
823,1939.939,593.2496,114.0
824,1942.184,593.3286,116.0
825,1944.427,593.4076,115.0
826,1946.670,593.4866,116.0
827,1948.911,593.5655,116.0
828,1951.152,593.6445,116.0
829,1953.392,593.7235,116.0
830,1955.632,593.8024,116.0
831,1957.870,593.8813,114.0
832,1960.108,593.9603,116.0
833,1962.344,594.0392,115.0
834,1964.580,594.1181,112.0
835,1966.815,594.1970,115.0
836,1969.050,594.2759,114.0
837,1971.283,594.3548,116.0
838,1973.516,594.4337,118.0
839,1975.748,594.5126,113.0
840,1977.979,594.5914,114.0
841,1980.209,594.6703,117.0
842,1982.438,594.7491,115.0
843,1984.667,594.8280,116.0
844,1986.895,594.9068,117.0
845,1989.122,594.9856,114.0
846,1991.348,595.0644,115.0
847,1993.573,595.1432,118.0
848,1995.798,595.2220,115.0
849,1998.021,595.3008,116.0
850,2000.244,595.3796,116.0
851,2002.466,595.4584,115.0
852,2004.687,595.5372,116.0
853,2006.908,595.6159,113.0
854,2009.127,595.6947,116.0
855,2011.346,595.7734,116.0
856,2013.564,595.8522,113.0
857,2015.781,595.9309,114.0
858,2017.997,596.0096,113.0
859,2020.213,596.0883,116.0
860,2022.428,596.1670,112.0
861,2024.641,596.2457,115.0
862,2026.855,596.3244,114.0
863,2029.067,596.4031,116.0
864,2031.278,596.4818,113.0
865,2033.489,596.5604,116.0
866,2035.699,596.6391,117.0
867,2037.908,596.7177,116.0
868,2040.116,596.7964,116.0
869,2042.323,596.8750,116.0
870,2044.530,596.9536,113.0
871,2046.736,597.0322,113.0
872,2048.941,597.1108,114.0
873,2051.145,597.1894,116.0
874,2053.348,597.2680,116.0
875,2055.551,597.3466,114.0
876,2057.752,597.4252,114.0
877,2059.953,597.5037,113.0
878,2062.153,597.5823,115.0
879,2064.353,597.6608,117.0
880,2066.551,597.7394,116.0
881,2068.749,597.8179,115.0
882,2070.946,597.8964,114.0
883,2073.142,597.9749,115.0
884,2075.337,598.0535,116.0
885,2077.532,598.1320,118.0
886,2079.725,598.2104,118.0
887,2081.918,598.2889,114.0
888,2084.110,598.3674,116.0
889,2086.302,598.4459,116.0
890,2088.492,598.5243,117.0
891,2090.682,598.6028,115.0
892,2092.871,598.6812,115.0
893,2095.059,598.7597,116.0
894,2097.246,598.8381,117.0
895,2099.432,598.9165,118.0
896,2101.618,598.9949,117.0
897,2103.803,599.0733,116.0
898,2105.987,599.1517,116.0
899,2108.170,599.2301,115.0
900,2110.353,599.3085,114.0
901,2112.534,599.3868,115.0
902,2114.715,599.4652,116.0
903,2116.895,599.5436,114.0
904,2119.074,599.6219,116.0
905,2121.253,599.7002,115.0
906,2123.430,599.7786,116.0
907,2125.607,599.8569,116.0
908,2127.783,599.9352,117.0
909,2129.959,600.0135,116.0
910,2132.133,600.0918,113.0
911,2134.307,600.1701,115.0
912,2136.480,600.2484,116.0
913,2138.652,600.3266,117.0
914,2140.823,600.4049,118.0
915,2142.994,600.4831,115.0
916,2145.163,600.5614,118.0
917,2147.332,600.6396,117.0
918,2149.500,600.7179,115.0
919,2151.668,600.7961,114.0
920,2153.834,600.8743,118.0
921,2156.000,600.9525,118.0
922,2158.165,601.0307,116.0
923,2160.329,601.1089,113.0
924,2162.492,601.1871,115.0
925,2164.655,601.2652,117.0
926,2166.817,601.3434,113.0
927,2168.978,601.4215,118.0
928,2171.138,601.4997,113.0
929,2173.298,601.5778,116.0
930,2175.456,601.6560,115.0
931,2177.614,601.7341,114.0
932,2179.771,601.8122,115.0
933,2181.927,601.8903,115.0
934,2184.083,601.9684,117.0
935,2186.238,602.0465,117.0
936,2188.391,602.1246,118.0
937,2190.545,602.2026,113.0
938,2192.697,602.2807,112.0
939,2194.848,602.3588,116.0
940,2196.999,602.4368,115.0
941,2199.149,602.5148,115.0
942,2201.298,602.5929,116.0
943,2203.447,602.6709,117.0
944,2205.594,602.7489,115.0
945,2207.741,602.8269,119.0
946,2209.887,602.9049,115.0
947,2212.033,602.9829,114.0
948,2214.177,603.0609,119.0
949,2216.321,603.1389,116.0
950,2218.464,603.2168,116.0
951,2220.606,603.2948,116.0
952,2222.747,603.3727,118.0
953,2224.888,603.4507,117.0
954,2227.028,603.5286,113.0
955,2229.167,603.6065,117.0
956,2231.305,603.6844,116.0
957,2233.442,603.7624,119.0
958,2235.579,603.8403,115.0
959,2237.715,603.9181,116.0
960,2239.850,603.9960,119.0
961,2241.984,604.0739,116.0
962,2244.118,604.1518,116.0
963,2246.251,604.2296,113.0
964,2248.383,604.3075,116.0
965,2250.514,604.3853,115.0
966,2252.645,604.4631,120.0
967,2254.774,604.5410,120.0
968,2256.903,604.6188,118.0
969,2259.031,604.6966,117.0
970,2261.159,604.7744,115.0
971,2263.285,604.8522,115.0
972,2265.411,604.9300,116.0
973,2267.536,605.0077,116.0
974,2269.660,605.0855,114.0
975,2271.784,605.1633,115.0
976,2273.907,605.2410,115.0
977,2276.029,605.3187,115.0
978,2278.150,605.3965,116.0
979,2280.270,605.4742,117.0
980,2282.390,605.5519,114.0
981,2284.509,605.6296,115.0
982,2286.627,605.7073,118.0
983,2288.744,605.7850,117.0
984,2290.861,605.8627,115.0
985,2292.976,605.9404,116.0
986,2295.091,606.0180,116.0
987,2297.206,606.0957,114.0
988,2299.319,606.1733,113.0
989,2301.432,606.2510,115.0
990,2303.544,606.3286,113.0
991,2305.655,606.4062,116.0
992,2307.765,606.4838,116.0
993,2309.875,606.5615,116.0
994,2311.984,606.6391,118.0
995,2314.092,606.7166,115.0
996,2316.199,606.7942,118.0
997,2318.306,606.8718,115.0
998,2320.411,606.9494,114.0
999,2322.516,607.0269,117.0
1000,2324.621,607.1045,114.0
1001,2326.724,607.1820,116.0
1002,2328.827,607.2595,120.0
1003,2330.929,607.3371,117.0
1004,2333.030,607.4146,115.0
1005,2335.131,607.4921,117.0
1006,2337.230,607.5696,117.0
1007,2339.329,607.6471,115.0
1008,2341.427,607.7245,114.0
1009,2343.525,607.8020,114.0
1010,2345.621,607.8795,118.0
1011,2347.717,607.9569,116.0
1012,2349.812,608.0344,113.0
1013,2351.907,608.1118,117.0
1014,2354.000,608.1893,116.0
1015,2356.093,608.2667,114.0
1016,2358.185,608.3441,116.0
1017,2360.276,608.4215,116.0
1018,2362.367,608.4989,117.0
1019,2364.457,608.5763,118.0
1020,2366.546,608.6537,114.0
1021,2368.634,608.7310,116.0
1022,2370.722,608.8084,117.0
1023,2372.808,608.8858,117.0
