# laser_power_pct,20
# exposure_time,5.00001
# laser_nm,532.021
# mode,accumulate
pixel_index,raman_shift_cm-1,wavelength_nm,intensity
0,-226.800,525.6780,111.0
1,-223.727,525.7630,111.0
2,-220.655,525.8479,112.0
3,-217.584,525.9328,113.0
4,-214.514,526.0178,114.0
5,-211.445,526.1027,113.0
6,-208.378,526.1876,111.0
7,-205.312,526.2725,115.0
8,-202.247,526.3574,113.0
9,-199.183,526.4423,109.0
10,-196.121,526.5272,113.0
11,-193.059,526.6121,111.0
12,-189.999,526.6970,114.0
13,-186.941,526.7818,112.0
14,-183.883,526.8667,110.0
15,-180.826,526.9515,114.0
16,-177.771,527.0364,111.0
17,-174.717,527.1212,116.0
18,-171.664,527.2061,109.0
19,-168.613,527.2909,113.0
20,-165.562,527.3757,109.0
21,-162.513,527.4606,109.0
22,-159.465,527.5454,111.0
23,-156.418,527.6302,113.0
24,-153.373,527.7150,115.0
25,-150.328,527.7998,113.0
26,-147.285,527.8846,113.0
27,-144.243,527.9693,113.0
28,-141.202,528.0541,112.0
29,-138.163,528.1389,116.0
30,-135.124,528.2237,112.0
31,-132.087,528.3084,113.0
32,-129.051,528.3932,113.0
33,-126.016,528.4779,112.0
34,-122.983,528.5626,110.0
35,-119.950,528.6474,111.0
36,-116.919,528.7321,110.0
37,-113.889,528.8168,113.0
38,-110.860,528.9015,112.0
39,-107.833,528.9863,112.0
40,-104.806,529.0710,115.0
41,-101.781,529.1556,113.0
42,-98.757,529.2403,109.0
43,-95.734,529.3250,113.0
44,-92.712,529.4097,115.0
45,-89.692,529.4944,112.0
46,-86.672,529.5790,116.0
47,-83.654,529.6637,113.0
48,-80.637,529.7483,112.0
49,-77.622,529.8330,114.0
50,-74.607,529.9176,111.0
51,-71.594,530.0023,113.0
52,-68.582,530.0869,111.0
53,-65.571,530.1715,112.0
54,-62.561,530.2561,113.0
55,-59.552,530.3407,108.0
56,-56.545,530.4253,113.0
57,-53.539,530.5099,111.0
58,-50.534,530.5945,115.0
59,-47.530,530.6791,112.0
60,-44.527,530.7637,114.0
61,-41.525,530.8482,115.0
62,-38.525,530.9328,137.0
63,-35.526,531.0173,174.0
64,-32.528,531.1019,198.0
65,-29.531,531.1864,295.0
66,-26.536,531.2710,386.0
67,-23.541,531.3555,241.0
68,-20.548,531.4400,188.0
69,-17.556,531.5246,118.0
70,-14.565,531.6091,115.0
71,-11.575,531.6936,112.0
72,-8.587,531.7781,113.0
73,-5.599,531.8626,113.0
74,-2.613,531.9470,113.0
75,0.372,532.0315,111.0
76,3.356,532.1160,108.0
77,6.339,532.2005,113.0
78,9.320,532.2849,111.0
79,12.300,532.3694,110.0
80,15.280,532.4538,117.0
81,18.258,532.5383,111.0
82,21.234,532.6227,112.0
83,24.210,532.7071,111.0
84,27.185,532.7916,112.0
85,30.158,532.8760,109.0
86,33.130,532.9604,112.0
87,36.101,533.0448,113.0
88,39.071,533.1292,111.0
89,42.040,533.2136,115.0
90,45.007,533.2980,109.0
91,47.973,533.3823,113.0
92,50.939,533.4667,113.0
93,53.903,533.5511,115.0
94,56.865,533.6354,118.0
95,59.827,533.7198,127.0
96,62.788,533.8041,130.0
97,65.747,533.8885,137.0
98,68.705,533.9728,148.0
99,71.662,534.0571,163.0
100,74.618,534.1415,172.0
101,77.573,534.2258,187.0
102,80.527,534.3101,193.0
103,83.479,534.3944,206.0
104,86.430,534.4787,207.0
105,89.380,534.5630,203.0
106,92.329,534.6472,204.0
107,95.277,534.7315,210.0
108,98.224,534.8158,203.0
109,101.169,534.9001,207.0
110,104.113,534.9843,201.0
111,107.057,535.0686,206.0
112,109.999,535.1528,200.0
113,112.940,535.2370,204.0
114,115.879,535.3213,205.0
115,118.818,535.4055,201.0
116,121.755,535.4897,203.0
117,124.691,535.5739,200.0
118,127.627,535.6581,204.0
119,130.561,535.7423,204.0
120,133.493,535.8265,201.0
121,136.425,535.9107,205.0
122,139.356,535.9949,205.0
123,142.285,536.0790,200.0
124,145.213,536.1632,205.0
125,148.140,536.2474,205.0
126,151.066,536.3315,202.0
127,153.991,536.4157,209.0
128,156.915,536.4998,207.0
129,159.837,536.5839,209.0
130,162.759,536.6681,208.0
131,165.679,536.7522,208.0
132,168.598,536.8363,206.0
133,171.516,536.9204,205.0
134,174.433,537.0045,210.0
135,177.348,537.0886,210.0
136,180.263,537.1727,206.0
137,183.176,537.2568,216.0
138,186.088,537.3408,213.0
139,189.000,537.4249,213.0
140,191.910,537.5090,211.0
141,194.818,537.5930,215.0
142,197.726,537.6771,215.0
143,200.633,537.7611,214.0
144,203.538,537.8451,219.0
145,206.442,537.9292,221.0
146,209.346,538.0132,225.0
147,212.248,538.0972,223.0
148,215.148,538.1812,225.0
149,218.048,538.2652,226.0
150,220.947,538.3492,229.0
151,223.844,538.4332,228.0
152,226.741,538.5172,230.0
153,229.636,538.6012,230.0
154,232.530,538.6851,236.0
155,235.423,538.7691,230.0
156,238.315,538.8530,229.0
157,241.206,538.9370,229.0
158,244.095,539.0209,241.0
159,246.984,539.1049,230.0
160,249.871,539.1888,235.0
161,252.757,539.2727,237.0
162,255.642,539.3566,236.0
163,258.526,539.4405,235.0
164,261.409,539.5244,240.0
165,264.291,539.6083,243.0
166,267.172,539.6922,250.0
167,270.051,539.7761,249.0
168,272.929,539.8600,246.0
169,275.807,539.9439,244.0
170,278.683,540.0277,253.0
171,281.558,540.1116,259.0
172,284.432,540.1954,261.0
173,287.304,540.2793,259.0
174,290.176,540.3631,260.0
175,293.046,540.4469,253.0
176,295.916,540.5308,249.0
177,298.784,540.6146,243.0
178,301.651,540.6984,244.0
179,304.517,540.7822,244.0
180,307.382,540.8660,234.0
181,310.246,540.9498,235.0
182,313.109,541.0336,240.0
183,315.970,541.1173,239.0
184,318.831,541.2011,241.0
185,321.690,541.2849,231.0
186,324.549,541.3686,237.0
187,327.406,541.4524,237.0
188,330.262,541.5361,246.0
189,333.117,541.6199,237.0
190,335.970,541.7036,243.0
191,338.823,541.7873,241.0
192,341.675,541.8710,241.0
193,344.525,541.9547,239.0
194,347.375,542.0384,233.0
195,350.223,542.1221,241.0
196,353.070,542.2058,239.0
197,355.916,542.2895,238.0
198,358.761,542.3732,237.0
199,361.605,542.4569,236.0
200,364.448,542.5405,238.0
201,367.289,542.6242,236.0
202,370.130,542.7078,237.0
203,372.969,542.7915,238.0
204,375.807,542.8751,235.0
205,378.645,542.9587,239.0
206,381.481,543.0424,240.0
207,384.316,543.1260,235.0
208,387.150,543.2096,243.0
209,389.983,543.2932,240.0
210,392.814,543.3768,239.0
211,395.645,543.4604,240.0
212,398.474,543.5440,237.0
213,401.303,543.6275,248.0
214,404.130,543.7111,246.0
215,406.956,543.7947,242.0
216,409.782,543.8782,245.0
217,412.606,543.9618,240.0
218,415.428,544.0453,249.0
219,418.250,544.1288,246.0
220,421.071,544.2124,244.0
221,423.891,544.2959,240.0
222,426.709,544.3794,242.0
223,429.527,544.4629,235.0
224,432.343,544.5464,238.0
225,435.158,544.6299,242.0
226,437.973,544.7134,240.0
227,440.786,544.7969,235.0
228,443.598,544.8804,231.0
229,446.409,544.9638,241.0
230,449.218,545.0473,239.0
231,452.027,545.1307,241.0
232,454.835,545.2142,243.0
233,457.641,545.2976,239.0
234,460.447,545.3811,243.0
235,463.251,545.4645,239.0
236,466.055,545.5479,247.0
237,468.857,545.6313,251.0
238,471.658,545.7147,245.0
239,474.458,545.7981,256.0
240,477.257,545.8815,258.0
241,480.055,545.9649,264.0
242,482.852,546.0483,269.0
243,485.647,546.1317,283.0
244,488.442,546.2150,315.0
245,491.236,546.2984,377.0
246,494.028,546.3817,535.0
247,496.819,546.4651,675.0
248,499.610,546.5484,784.0
249,502.399,546.6317,1068.0
250,505.187,546.7151,1533.0
251,507.974,546.7984,2076.0
252,510.760,546.8817,2019.0
253,513.545,546.9650,1235.0
254,516.329,547.0483,670.0
255,519.112,547.1316,418.0
256,521.893,547.2149,334.0
257,524.674,547.2982,304.0
258,527.454,547.3814,290.0
259,530.232,547.4647,283.0
260,533.009,547.5479,274.0
261,535.786,547.6312,268.0
262,538.561,547.7144,272.0
263,541.335,547.7977,255.0
264,544.108,547.8809,263.0
265,546.880,547.9641,257.0
266,549.651,548.0473,250.0
267,552.421,548.1305,256.0
268,555.190,548.2137,254.0
269,557.958,548.2969,261.0
270,560.724,548.3801,259.0
271,563.490,548.4633,256.0
272,566.255,548.5465,257.0
273,569.018,548.6296,253.0
274,571.781,548.7128,262.0
275,574.542,548.7960,257.0
276,577.302,548.8791,263.0
277,580.061,548.9622,253.0
278,582.820,549.0454,264.0
279,585.577,549.1285,259.0
280,588.333,549.2116,261.0
281,591.088,549.2947,263.0
282,593.841,549.3778,262.0
283,596.594,549.4609,257.0
284,599.346,549.5440,269.0
285,602.097,549.6271,267.0
286,604.846,549.7102,268.0
287,607.595,549.7932,268.0
288,610.343,549.8763,262.0
289,613.089,549.9594,266.0
290,615.834,550.0424,267.0
291,618.579,550.1255,262.0
292,621.322,550.2085,262.0
293,624.064,550.2915,272.0
294,626.806,550.3745,268.0
295,629.546,550.4576,266.0
296,632.285,550.5406,259.0
297,635.023,550.6236,267.0
298,637.760,550.7066,266.0
299,640.496,550.7895,272.0
300,643.230,550.8725,265.0
301,645.964,550.9555,269.0
302,648.697,551.0385,270.0
303,651.429,551.1214,266.0
304,654.159,551.2044,267.0
305,656.889,551.2873,272.0
306,659.617,551.3703,270.0
307,662.345,551.4532,274.0
308,665.071,551.5361,265.0
309,667.797,551.6190,270.0
310,670.521,551.7019,268.0
311,673.244,551.7848,268.0
312,675.967,551.8677,281.0
313,678.688,551.9506,267.0
314,681.408,552.0335,268.0
315,684.127,552.1164,273.0
316,686.845,552.1992,264.0
317,689.562,552.2821,270.0
318,692.278,552.3650,264.0
319,694.993,552.4478,268.0
320,697.707,552.5306,268.0
321,700.420,552.6135,268.0
322,703.132,552.6963,267.0
323,705.842,552.7791,269.0
324,708.552,552.8619,275.0
325,711.261,552.9447,265.0
326,713.968,553.0275,273.0
327,716.675,553.1103,274.0
328,719.380,553.1931,269.0
329,722.085,553.2759,275.0
330,724.788,553.3587,277.0
331,727.491,553.4414,270.0
332,730.192,553.5242,279.0
333,732.893,553.6069,276.0
334,735.592,553.6897,275.0
335,738.290,553.7724,279.0
336,740.987,553.8551,280.0
337,743.684,553.9378,281.0
338,746.379,554.0206,283.0
339,749.073,554.1033,288.0
340,751.766,554.1860,278.0
341,754.458,554.2687,286.0
342,757.149,554.3513,280.0
343,759.839,554.4340,286.0
344,762.528,554.5167,281.0
345,765.216,554.5993,287.0
346,767.903,554.6820,284.0
347,770.589,554.7647,278.0
348,773.274,554.8473,281.0
349,775.957,554.9299,285.0
350,778.640,555.0126,284.0
351,781.322,555.0952,288.0
352,784.003,555.1778,284.0
353,786.682,555.2604,280.0
354,789.361,555.3430,289.0
355,792.039,555.4256,289.0
356,794.715,555.5082,291.0
357,797.391,555.5908,294.0
358,800.066,555.6733,283.0
359,802.739,555.7559,295.0
360,805.412,555.8384,288.0
361,808.083,555.9210,292.0
362,810.754,556.0035,296.0
363,813.423,556.0861,292.0
364,816.091,556.1686,295.0
365,818.759,556.2511,299.0
366,821.425,556.3336,291.0
367,824.091,556.4161,296.0
368,826.755,556.4986,296.0
369,829.418,556.5811,297.0
370,832.081,556.6636,297.0
371,834.742,556.7461,301.0
372,837.402,556.8286,301.0
373,840.061,556.9110,293.0
374,842.720,556.9935,291.0
375,845.377,557.0759,296.0
376,848.033,557.1584,299.0
377,850.688,557.2408,297.0
378,853.342,557.3233,297.0
379,855.995,557.4057,296.0
380,858.648,557.4881,301.0
381,861.299,557.5705,304.0
382,863.949,557.6529,304.0
383,866.598,557.7353,299.0
384,869.246,557.8177,308.0
385,871.893,557.9001,300.0
386,874.539,557.9824,303.0
387,877.184,558.0648,300.0
388,879.828,558.1471,309.0
389,882.471,558.2295,317.0
390,885.113,558.3118,306.0
391,887.754,558.3942,309.0
392,890.394,558.4765,315.0
393,893.033,558.5588,309.0
394,895.671,558.6411,307.0
395,898.308,558.7234,310.0
396,900.944,558.8057,312.0
397,903.579,558.8880,304.0
398,906.213,558.9703,316.0
399,908.846,559.0526,313.0
400,911.478,559.1349,319.0
401,914.109,559.2171,328.0
402,916.739,559.2994,316.0
403,919.367,559.3816,322.0
404,921.995,559.4639,338.0
405,924.622,559.5461,341.0
406,927.248,559.6283,350.0
407,929.873,559.7106,353.0
408,932.497,559.7928,376.0
409,935.120,559.8750,376.0
410,937.742,559.9572,371.0
411,940.363,560.0394,384.0
412,942.983,560.1215,373.0
413,945.601,560.2037,381.0
414,948.219,560.2859,383.0
415,950.836,560.3680,386.0
416,953.452,560.4502,383.0
417,956.067,560.5324,376.0
418,958.681,560.6145,384.0
419,961.294,560.6966,387.0
420,963.906,560.7787,386.0
421,966.517,560.8609,393.0
422,969.127,560.9430,387.0
423,971.735,561.0251,388.0
424,974.343,561.1072,380.0
425,976.950,561.1893,380.0
426,979.556,561.2713,385.0
427,982.161,561.3534,367.0
428,984.765,561.4355,361.0
429,987.368,561.5175,349.0
430,989.970,561.5996,342.0
431,992.571,561.6816,340.0
432,995.171,561.7637,337.0
433,997.770,561.8457,339.0
434,1000.368,561.9277,331.0
435,1002.965,562.0098,333.0
436,1005.561,562.0918,329.0
437,1008.156,562.1738,333.0
438,1010.750,562.2558,328.0
439,1013.343,562.3377,327.0
440,1015.935,562.4197,335.0
441,1018.526,562.5017,326.0
442,1021.117,562.5837,321.0
443,1023.706,562.6656,325.0
444,1026.294,562.7476,321.0
445,1028.881,562.8295,317.0
446,1031.467,562.9115,323.0
447,1034.052,562.9934,319.0
448,1036.637,563.0753,325.0
449,1039.220,563.1572,323.0
450,1041.802,563.2391,328.0
451,1044.383,563.3210,324.0
452,1046.963,563.4029,321.0
453,1049.543,563.4848,323.0
454,1052.121,563.5667,323.0
455,1054.698,563.6485,322.0
456,1057.275,563.7304,324.0
457,1059.850,563.8123,325.0
458,1062.425,563.8941,320.0
459,1064.998,563.9759,321.0
460,1067.570,564.0578,327.0
461,1070.142,564.1396,323.0
462,1072.712,564.2214,331.0
463,1075.282,564.3032,325.0
464,1077.850,564.3850,325.0
465,1080.418,564.4668,324.0
466,1082.984,564.5486,323.0
467,1085.550,564.6304,327.0
468,1088.115,564.7122,332.0
469,1090.678,564.7939,332.0
470,1093.241,564.8757,320.0
471,1095.803,564.9575,329.0
472,1098.363,565.0392,325.0
473,1100.923,565.1209,334.0
474,1103.482,565.2027,328.0
475,1106.040,565.2844,326.0
476,1108.597,565.3661,334.0
477,1111.152,565.4478,326.0
478,1113.707,565.5295,330.0
479,1116.261,565.6112,330.0
480,1118.814,565.6929,329.0
481,1121.366,565.7746,328.0
482,1123.917,565.8562,324.0
483,1126.467,565.9379,321.0
484,1129.016,566.0196,334.0
485,1131.565,566.1012,325.0
486,1134.112,566.1828,321.0
487,1136.658,566.2645,332.0
488,1139.203,566.3461,333.0
489,1141.747,566.4277,335.0
490,1144.291,566.5093,335.0
491,1146.833,566.5909,339.0
492,1149.374,566.6725,337.0
493,1151.915,566.7541,334.0
494,1154.454,566.8357,329.0
495,1156.993,566.9173,331.0
496,1159.530,566.9988,329.0
497,1162.067,567.0804,342.0
498,1164.602,567.1620,330.0
499,1167.137,567.2435,339.0
500,1169.671,567.3250,339.0
501,1172.203,567.4066,333.0
502,1174.735,567.4881,340.0
503,1177.266,567.5696,338.0
504,1179.796,567.6511,344.0
505,1182.325,567.7326,339.0
506,1184.853,567.8141,345.0
507,1187.380,567.8956,334.0
508,1189.906,567.9771,338.0
509,1192.431,568.0585,338.0
510,1194.955,568.1400,343.0
511,1197.478,568.2214,342.0
512,1200.000,568.3029,339.0
513,1202.521,568.3843,357.0
514,1205.041,568.4658,341.0
515,1207.561,568.5472,350.0
516,1210.079,568.6286,349.0
517,1212.597,568.7100,339.0
518,1215.113,568.7914,351.0
519,1217.629,568.8728,345.0
520,1220.143,568.9542,349.0
521,1222.657,569.0356,351.0
522,1225.169,569.1169,345.0
523,1227.681,569.1983,352.0
524,1230.192,569.2797,356.0
525,1232.702,569.3610,351.0
526,1235.211,569.4424,353.0
527,1237.718,569.5237,355.0
528,1240.225,569.6050,347.0
529,1242.731,569.6863,350.0
530,1245.236,569.7676,351.0
531,1247.741,569.8490,351.0
532,1250.244,569.9302,351.0
533,1252.746,570.0115,356.0
534,1255.247,570.0928,357.0
535,1257.748,570.1741,353.0
536,1260.247,570.2554,349.0
537,1262.745,570.3366,357.0
538,1265.243,570.4179,358.0
539,1267.740,570.4991,354.0
540,1270.235,570.5804,357.0
541,1272.730,570.6616,358.0
542,1275.224,570.7428,364.0
543,1277.716,570.8240,364.0
544,1280.208,570.9052,365.0
545,1282.699,570.9864,362.0
546,1285.189,571.0676,361.0
547,1287.678,571.1488,362.0
548,1290.166,571.2300,358.0
549,1292.653,571.3111,362.0
550,1295.140,571.3923,358.0
551,1297.625,571.4735,357.0
552,1300.109,571.5546,352.0
553,1302.593,571.6357,360.0
554,1305.075,571.7169,354.0
555,1307.557,571.7980,363.0
556,1310.037,571.8791,361.0
557,1312.517,571.9602,364.0
558,1314.996,572.0413,367.0
559,1317.473,572.1224,368.0
560,1319.950,572.2035,372.0
561,1322.426,572.2846,370.0
562,1324.901,572.3656,372.0
563,1327.375,572.4467,369.0
564,1329.848,572.5278,373.0
565,1332.321,572.6088,374.0
566,1334.792,572.6898,375.0
567,1337.262,572.7709,376.0
568,1339.732,572.8519,381.0
569,1342.200,572.9329,375.0
570,1344.668,573.0139,381.0
571,1347.134,573.0949,383.0
572,1349.600,573.1759,378.0
573,1352.065,573.2569,382.0
574,1354.528,573.3379,384.0
575,1356.991,573.4189,387.0
576,1359.453,573.4998,379.0
577,1361.914,573.5808,372.0
578,1364.374,573.6617,377.0
579,1366.834,573.7427,387.0
580,1369.292,573.8236,387.0
581,1371.749,573.9045,375.0
582,1374.206,573.9854,377.0
583,1376.661,574.0663,378.0
584,1379.116,574.1472,376.0
585,1381.569,574.2281,368.0
586,1384.022,574.3090,375.0
587,1386.474,574.3899,366.0
588,1388.925,574.4708,375.0
589,1391.375,574.5516,375.0
590,1393.824,574.6325,369.0
591,1396.272,574.7133,371.0
592,1398.719,574.7942,371.0
593,1401.165,574.8750,370.0
594,1403.611,574.9558,379.0
595,1406.055,575.0367,370.0
596,1408.498,575.1175,364.0
597,1410.941,575.1983,369.0
598,1413.383,575.2791,368.0
599,1415.823,575.3599,363.0
600,1418.263,575.4406,375.0
601,1420.702,575.5214,367.0
602,1423.140,575.6022,368.0
603,1425.577,575.6829,364.0
604,1428.013,575.7637,365.0
605,1430.449,575.8444,370.0
606,1432.883,575.9251,370.0
607,1435.316,576.0059,371.0
608,1437.749,576.0866,373.0
609,1440.181,576.1673,372.0
610,1442.611,576.2480,380.0
611,1445.041,576.3287,366.0
612,1447.470,576.4094,372.0
613,1449.898,576.4901,367.0
614,1452.325,576.5707,375.0
615,1454.751,576.6514,374.0
616,1457.176,576.7321,374.0
617,1459.600,576.8127,373.0
618,1462.024,576.8933,371.0
619,1464.446,576.9740,382.0
620,1466.868,577.0546,377.0
621,1469.289,577.1352,368.0
622,1471.708,577.2158,365.0
623,1474.127,577.2964,365.0
624,1476.545,577.3770,364.0
625,1478.962,577.4576,364.0
626,1481.378,577.5382,367.0
627,1483.793,577.6188,375.0
628,1486.208,577.6993,368.0
629,1488.621,577.7799,363.0
630,1491.034,577.8604,366.0
631,1493.445,577.9410,359.0
632,1495.856,578.0215,361.0
633,1498.266,578.1020,369.0
634,1500.675,578.1825,363.0
635,1503.083,578.2630,367.0
636,1505.490,578.3436,371.0
637,1507.896,578.4240,362.0
638,1510.301,578.5045,362.0
639,1512.706,578.5850,363.0
640,1515.109,578.6655,361.0
641,1517.512,578.7459,369.0
642,1519.913,578.8264,365.0
643,1522.314,578.9068,368.0
644,1524.714,578.9873,375.0
645,1527.113,579.0677,359.0
646,1529.511,579.1481,366.0
647,1531.908,579.2285,371.0
648,1534.304,579.3090,356.0
649,1536.700,579.3894,374.0
650,1539.094,579.4697,365.0
651,1541.488,579.5501,372.0
652,1543.881,579.6305,367.0
653,1546.272,579.7109,366.0
654,1548.663,579.7912,364.0
655,1551.053,579.8716,365.0
656,1553.442,579.9519,370.0
657,1555.831,580.0323,365.0
658,1558.218,580.1126,373.0
659,1560.604,580.1929,377.0
660,1562.990,580.2732,371.0
661,1565.375,580.3535,367.0
662,1567.758,580.4338,364.0
663,1570.141,580.5141,363.0
664,1572.523,580.5944,375.0
665,1574.904,580.6747,378.0
666,1577.284,580.7550,370.0
667,1579.664,580.8352,376.0
668,1582.042,580.9155,371.0
669,1584.420,580.9957,375.0
670,1586.796,581.0760,369.0
671,1589.172,581.1562,374.0
672,1591.547,581.2364,375.0
673,1593.921,581.3166,379.0
674,1596.294,581.3968,372.0
675,1598.666,581.4770,377.0
676,1601.037,581.5572,386.0
677,1603.408,581.6374,373.0
678,1605.777,581.7176,379.0
679,1608.146,581.7977,375.0
680,1610.514,581.8779,380.0
681,1612.881,581.9580,372.0
682,1615.247,582.0382,378.0
683,1617.612,582.1183,370.0
684,1619.976,582.1984,377.0
685,1622.339,582.2785,375.0
686,1624.702,582.3587,371.0
687,1627.064,582.4388,367.0
688,1629.424,582.5189,375.0
689,1631.784,582.5989,370.0
690,1634.143,582.6790,374.0
691,1636.501,582.7591,371.0
692,1638.858,582.8392,368.0
693,1641.215,582.9192,375.0
694,1643.570,582.9993,366.0
695,1645.924,583.0793,374.0
696,1648.278,583.1593,370.0
697,1650.631,583.2393,361.0
698,1652.983,583.3194,365.0
699,1655.334,583.3994,369.0
700,1657.684,583.4794,366.0
701,1660.033,583.5594,366.0
702,1662.382,583.6393,373.0
703,1664.729,583.7193,374.0
704,1667.076,583.7993,361.0
705,1669.422,583.8793,373.0
706,1671.767,583.9592,376.0
707,1674.111,584.0391,365.0
708,1676.454,584.1191,374.0
709,1678.796,584.1990,372.0
710,1681.137,584.2789,370.0
711,1683.478,584.3588,376.0
712,1685.818,584.4388,366.0
713,1688.156,584.5186,372.0
714,1690.494,584.5985,375.0
715,1692.831,584.6784,369.0
716,1695.168,584.7583,370.0
717,1697.503,584.8382,376.0
718,1699.837,584.9180,368.0
719,1702.171,584.9979,367.0
720,1704.504,585.0777,378.0
721,1706.835,585.1575,367.0
722,1709.166,585.2374,377.0
723,1711.496,585.3172,375.0
724,1713.826,585.3970,376.0
725,1716.154,585.4768,380.0
726,1718.482,585.5566,380.0
727,1720.808,585.6364,374.0
728,1723.134,585.7161,380.0
729,1725.459,585.7959,373.0
730,1727.783,585.8757,371.0
731,1730.106,585.9554,375.0
732,1732.428,586.0352,376.0
733,1734.750,586.1149,374.0
734,1737.070,586.1946,379.0
735,1739.390,586.2744,375.0
736,1741.709,586.3541,378.0
737,1744.027,586.4338,379.0
738,1746.344,586.5135,379.0
739,1748.660,586.5932,375.0
740,1750.976,586.6729,376.0
741,1753.290,586.7525,384.0
742,1755.604,586.8322,369.0
743,1757.917,586.9118,377.0
744,1760.229,586.9915,379.0
745,1762.540,587.0711,371.0
746,1764.850,587.1508,385.0
747,1767.159,587.2304,366.0
748,1769.468,587.3100,374.0
749,1771.776,587.3896,372.0
750,1774.082,587.4692,379.0
751,1776.388,587.5488,373.0
752,1778.693,587.6284,379.0
753,1780.998,587.7080,373.0
754,1783.301,587.7876,375.0
755,1785.604,587.8671,380.0
756,1787.905,587.9467,381.0
757,1790.206,588.0262,382.0
758,1792.506,588.1058,379.0
759,1794.805,588.1853,370.0
760,1797.103,588.2648,372.0
761,1799.401,588.3443,375.0
762,1801.697,588.4238,377.0
763,1803.993,588.5033,375.0
764,1806.288,588.5828,376.0
765,1808.582,588.6623,375.0
766,1810.875,588.7418,375.0
767,1813.167,588.8212,362.0
768,1815.459,588.9007,374.0
769,1817.749,588.9801,373.0
770,1820.039,589.0596,369.0
771,1822.328,589.1390,368.0
772,1824.616,589.2184,370.0
773,1826.903,589.2979,365.0
774,1829.190,589.3773,369.0
775,1831.475,589.4567,370.0
776,1833.760,589.5361,371.0
777,1836.043,589.6154,370.0
778,1838.326,589.6948,363.0
779,1840.609,589.7742,372.0
780,1842.890,589.8535,370.0
781,1845.170,589.9329,378.0
782,1847.450,590.0122,376.0
783,1849.728,590.0916,372.0
784,1852.006,590.1709,381.0
785,1854.283,590.2502,370.0
786,1856.560,590.3295,370.0
787,1858.835,590.4088,373.0
788,1861.109,590.4881,374.0
789,1863.383,590.5674,376.0
790,1865.656,590.6467,369.0
791,1867.928,590.7260,374.0
792,1870.199,590.8052,376.0
793,1872.469,590.8845,376.0
794,1874.739,590.9637,375.0
795,1877.007,591.0430,374.0
796,1879.275,591.1222,376.0
797,1881.542,591.2014,369.0
798,1883.808,591.2807,378.0
799,1886.073,591.3599,379.0
800,1888.338,591.4391,381.0
801,1890.601,591.5183,388.0
802,1892.864,591.5974,377.0
803,1895.126,591.6766,375.0
804,1897.387,591.7558,377.0
805,1899.647,591.8349,385.0
806,1901.907,591.9141,376.0
807,1904.165,591.9932,382.0
808,1906.423,592.0724,381.0
809,1908.680,592.1515,374.0
810,1910.936,592.2306,379.0
811,1913.191,592.3097,390.0
812,1915.446,592.3888,377.0
813,1917.699,592.4679,382.0
814,1919.952,592.5470,382.0
815,1922.204,592.6261,384.0
816,1924.455,592.7051,390.0
817,1926.705,592.7842,377.0
818,1928.954,592.8632,374.0
819,1931.203,592.9423,389.0
820,1933.451,593.0213,380.0
821,1935.698,593.1004,379.0
822,1937.944,593.1794,385.0
823,1940.189,593.2584,380.0
824,1942.433,593.3374,384.0
825,1944.677,593.4164,383.0
826,1946.920,593.4954,383.0
827,1949.161,593.5744,381.0
828,1951.403,593.6533,383.0
829,1953.643,593.7323,376.0
830,1955.882,593.8112,376.0
831,1958.121,593.8902,382.0
832,1960.359,593.9691,387.0
833,1962.596,594.0481,377.0
834,1964.832,594.1270,382.0
835,1967.067,594.2059,379.0
836,1969.301,594.2848,378.0
837,1971.535,594.3637,379.0
838,1973.768,594.4426,382.0
839,1976.000,594.5215,376.0
840,1978.231,594.6003,380.0
841,1980.461,594.6792,382.0
842,1982.691,594.7581,384.0
843,1984.920,594.8369,383.0
844,1987.148,594.9157,386.0
845,1989.375,594.9946,384.0
846,1991.601,595.0734,383.0
847,1993.826,595.1522,383.0
848,1996.051,595.2310,381.0
849,1998.275,595.3098,371.0
850,2000.498,595.3886,375.0
851,2002.720,595.4674,384.0
852,2004.941,595.5462,384.0
853,2007.162,595.6249,380.0
854,2009.381,595.7037,383.0
855,2011.600,595.7824,384.0
856,2013.818,595.8612,383.0
857,2016.035,595.9399,389.0
858,2018.252,596.0186,387.0
859,2020.467,596.0974,388.0
860,2022.682,596.1761,382.0
861,2024.896,596.2548,388.0
862,2027.109,596.3335,377.0
863,2029.321,596.4121,384.0
864,2031.533,596.4908,391.0
865,2033.744,596.5695,384.0
866,2035.954,596.6481,387.0
867,2038.163,596.7268,387.0
868,2040.371,596.8054,390.0
869,2042.578,596.8841,392.0
870,2044.785,596.9627,390.0
871,2046.991,597.0413,380.0
872,2049.196,597.1199,383.0
873,2051.400,597.1985,388.0
874,2053.603,597.2771,398.0
875,2055.806,597.3557,383.0
876,2058.008,597.4343,391.0
877,2060.209,597.5128,389.0
878,2062.409,597.5914,389.0
879,2064.608,597.6700,391.0
880,2066.807,597.7485,391.0
881,2069.004,597.8270,384.0
882,2071.201,597.9056,386.0
883,2073.397,597.9841,390.0
884,2075.593,598.0626,395.0
885,2077.787,598.1411,388.0
886,2079.981,598.2196,391.0
887,2082.174,598.2981,386.0
888,2084.366,598.3765,377.0
889,2086.557,598.4550,383.0
890,2088.747,598.5335,390.0
891,2090.937,598.6119,390.0
892,2093.126,598.6904,387.0
893,2095.314,598.7688,383.0
894,2097.501,598.8472,388.0
895,2099.687,598.9257,391.0
896,2101.873,599.0041,391.0
897,2104.058,599.0825,387.0
898,2106.242,599.1609,395.0
899,2108.425,599.2392,393.0
900,2110.607,599.3176,388.0
901,2112.789,599.3960,385.0
902,2114.970,599.4744,391.0
903,2117.150,599.5527,379.0
904,2119.329,599.6311,390.0
905,2121.507,599.7094,395.0
906,2123.685,599.7877,385.0
907,2125.862,599.8660,399.0
908,2128.038,599.9443,387.0
909,2130.213,600.0227,391.0
910,2132.387,600.1009,387.0
911,2134.561,600.1792,386.0
912,2136.734,600.2575,385.0
913,2138.906,600.3358,394.0
914,2141.077,600.4140,381.0
915,2143.247,600.4923,391.0
916,2145.417,600.5705,396.0
917,2147.586,600.6488,391.0
918,2149.754,600.7270,379.0
919,2151.921,600.8052,383.0
920,2154.087,600.8834,389.0
921,2156.253,600.9616,385.0
922,2158.418,601.0398,390.0
923,2160.582,601.1180,387.0
924,2162.745,601.1962,393.0
925,2164.908,601.2744,377.0
926,2167.069,601.3525,389.0
927,2169.230,601.4307,387.0
928,2171.390,601.5088,389.0
929,2173.550,601.5870,389.0
930,2175.708,601.6651,391.0
931,2177.866,601.7432,397.0
932,2180.023,601.8213,391.0
933,2182.179,601.8994,393.0
934,2184.334,601.9775,380.0
935,2186.489,602.0556,383.0
936,2188.642,602.1337,390.0
937,2190.795,602.2117,394.0
938,2192.948,602.2898,387.0
939,2195.099,602.3679,383.0
940,2197.250,602.4459,390.0
941,2199.399,602.5239,388.0
942,2201.548,602.6020,386.0
943,2203.697,602.6800,381.0
944,2205.844,602.7580,392.0
945,2207.991,602.8360,387.0
946,2210.137,602.9140,387.0
947,2212.282,602.9920,389.0
948,2214.426,603.0699,391.0
949,2216.569,603.1479,389.0
950,2218.712,603.2259,384.0
951,2220.854,603.3038,392.0
952,2222.995,603.3818,384.0
953,2225.136,603.4597,393.0
954,2227.275,603.5376,391.0
955,2229.414,603.6155,396.0
956,2231.552,603.6935,383.0
957,2233.689,603.7714,391.0
958,2235.826,603.8492,391.0
959,2237.961,603.9271,391.0
960,2240.096,604.0050,396.0
961,2242.230,604.0829,392.0
962,2244.364,604.1607,395.0
963,2246.496,604.2386,390.0
964,2248.628,604.3164,385.0
965,2250.759,604.3943,388.0
966,2252.889,604.4721,393.0
967,2255.019,604.5499,390.0
968,2257.147,604.6277,391.0
969,2259.275,604.7055,387.0
970,2261.402,604.7833,383.0
971,2263.529,604.8611,388.0
972,2265.654,604.9389,380.0
973,2267.779,605.0166,393.0
974,2269.903,605.0944,383.0
975,2272.026,605.1721,393.0
976,2274.149,605.2499,384.0
977,2276.270,605.3276,396.0
978,2278.391,605.4053,385.0
979,2280.511,605.4830,386.0
980,2282.631,605.5607,393.0
981,2284.749,605.6384,389.0
982,2286.867,605.7161,389.0
983,2288.984,605.7938,391.0
984,2291.100,605.8715,382.0
985,2293.216,605.9492,383.0
986,2295.330,606.0268,383.0
987,2297.444,606.1045,384.0
988,2299.557,606.1821,387.0
989,2301.670,606.2597,395.0
990,2303.781,606.3373,394.0
991,2305.892,606.4150,395.0
992,2308.002,606.4926,392.0
993,2310.112,606.5702,395.0
994,2312.220,606.6478,396.0
995,2314.328,606.7253,385.0
996,2316.435,606.8029,391.0
997,2318.541,606.8805,385.0
998,2320.647,606.9580,393.0
999,2322.751,607.0356,392.0
1000,2324.855,607.1131,381.0
1001,2326.958,607.1906,397.0
1002,2329.061,607.2682,391.0
1003,2331.162,607.3457,395.0
1004,2333.263,607.4232,392.0
1005,2335.363,607.5007,398.0
1006,2337.462,607.5782,388.0
1007,2339.561,607.6556,390.0
1008,2341.659,607.7331,389.0
1009,2343.756,607.8106,387.0
1010,2345.852,607.8880,391.0
1011,2347.948,607.9655,389.0
1012,2350.042,608.0429,396.0
1013,2352.136,608.1203,386.0
1014,2354.229,608.1977,393.0
1015,2356.322,608.2751,392.0
1016,2358.414,608.3525,397.0
1017,2360.504,608.4299,399.0
1018,2362.595,608.5073,398.0
1019,2364.684,608.5847,397.0
1020,2366.773,608.6621,396.0
1021,2368.860,608.7394,390.0
1022,2370.948,608.8168,393.0
1023,2373.034,608.8941,398.0
